date,open,close
2007-05-28,3836.63,3877.62
2007-05-29,3899.78,3991.31
2007-05-30,3739.87,3688.23
2007-05-31,3611.12,3689.33
2007-06-01,3711.62,3526.34
2007-06-04,3522.72,3220.39
2007-06-05,3179.48,3336.88
2007-06-06,3363.08,3383.47
2007-06-07,3383.47,3515.88
2007-06-08,3524.55,3564.76
2007-06-11,3595.56,3639.53
2007-06-12,3666.1,3808.51
2007-06-13,3858.28,3863.99
2007-06-14,3849.85,3807.91
2007-06-15,3768.22,3802.84
2007-06-18,3879.43,3914.49
2007-06-19,3925.07,3948.89
2007-06-20,3964.43,3871.65
2007-06-21,3856.55,3893.46
2007-06-22,3899.08,3733.07
2007-06-25,3755.77,3520.56
2007-06-26,3433.88,3584.94
2007-06-27,3605.89,3689.45
2007-06-28,3685.75,3520.95
2007-06-29,3462.66,3464.77
2007-07-02,3453.14,3507.61
2007-07-03,3540.56,3562.61
2007-07-04,3571.3,3493.31
2007-07-05,3432.99,3282.7
2007-07-06,3339.62,3441.75
2007-07-09,3481.8,3556.27
2007-07-10,3557.07,3459.47
2007-07-11,3436.26,3481.43
2007-07-12,3490.17,3490.21
2007-07-13,3497.38,3512.59
2007-07-16,3496.27,3393.22
2007-07-17,3386.97,3439.32
2007-07-18,3438.0,3455.17
2007-07-19,3449.35,3427.62
2007-07-20,3426.51,3540.01
2007-07-23,3552.63,3773.1
2007-07-24,3813.07,3779.9
2007-07-25,3781.76,3892.08
2007-07-26,3924.94,3932.66
2007-07-27,3906.14,3986.81
2007-07-30,3989.97,4103.8
2007-07-31,4105.51,4164.31
2007-08-01,4179.71,3995.39
2007-08-02,4014.75,4128.08
2007-08-03,4160.35,4199.18
2007-08-06,4250.11,4344.7
2007-08-07,4352.65,4363.1
2007-08-08,4326.79,4274.46
2007-08-09,4261.93,4339.99
2007-08-10,4329.33,4303.02
2007-08-13,4307.63,4309.88
2007-08-14,4316.9,4364.19
2007-08-15,4375.41,4364.6
2007-08-16,4346.49,4296.48
2007-08-17,4296.48,4217.18
2007-08-20,4333.74,4489.15
2007-08-21,4536.68,4563.69
2007-08-22,4492.01,4596.34
2007-08-23,4619.51,4658.62
2007-08-24,4723.4,4751.49
2007-08-27,4797.05,4782.9
2007-08-28,4755.96,4794.06
2007-08-29,4766.12,4712.66
2007-08-30,4736.69,4796.76
2007-08-31,4818.06,4894.49
2007-09-03,4933.21,5118.68
2007-09-04,5150.87,5091.3
2007-09-05,5119.32,5137.76
2007-09-06,5178.93,5201.4
2007-09-07,5194.92,5108.77
2007-09-10,5035.6,5202.21
2007-09-11,5199.4,4935.77
2007-09-12,4906.99,5038.36
2007-09-13,5071.47,5209.68
2007-09-14,5235.01,5331.35
2007-09-17,5319.07,5514.92
2007-09-18,5555.04,5500.99
2007-09-19,5504.13,5414.06
2007-09-20,5435.91,5481.64
2007-09-21,5494.39,5404.17
2007-09-24,5413.03,5445.44
2007-09-25,5447.15,5313.86
2007-09-26,5297.29,5188.44
2007-09-27,5186.4,5280.09
2007-09-28,5338.55,5426.17
2007-10-08,5466.42,5386.07
2007-10-09,5373.29,5350.08
2007-10-10,5369.89,5395.84
2007-10-11,5400.44,5411.67
2007-10-12,5441.26,5388.62
2007-10-15,5406.29,5619.74
2007-10-16,5668.87,5629.02
2007-10-17,5613.28,5577.78
2007-10-18,5561.85,5358.98
2007-10-19,5387.3,5338.26
2007-10-22,5266.34,5132.21
2007-10-23,5123.03,5194.46
2007-10-24,5209.25,5175.2
2007-10-25,5126.65,4829.81
2007-10-26,4780.94,4867.17
2007-10-29,4905.59,5049.46
2007-10-30,5062.71,5132.3
2007-10-31,5167.78,5185.23
2007-11-01,5185.1,5021.79
2007-11-02,4937.1,4813.3
2007-11-05,4783.63,4806.35
2007-11-06,4802.34,4784.27
2007-11-07,4812.89,4780.48
2007-11-08,4761.79,4542.17
2007-11-09,4488.24,4434.89
2007-11-12,4332.04,4331.75
2007-11-13,4366.55,4331.63
2007-11-14,4399.52,4536.1
2007-11-15,4521.05,4435.91
2007-11-16,4371.18,4387.13
2007-11-19,4403.16,4470.19
2007-11-20,4451.48,4595.41
2007-11-21,4626.0,4531.09
2007-11-22,4440.05,4343.96
2007-11-23,4309.99,4427.23
2007-11-26,4502.13,4378.85
2007-11-27,4339.77,4321.99
2007-11-28,4339.84,4257.56
2007-11-29,4309.58,4378.28
2007-11-30,4327.95,4265.16
2007-12-03,4251.0,4270.63
2007-12-04,4288.8,4339.33
2007-12-05,4344.65,4515.99
2007-12-06,4535.05,4518.32
2007-12-07,4532.55,4622.13
2007-12-10,4557.68,4749.92
2007-12-11,4768.16,4768.66
2007-12-12,4754.82,4771.06
2007-12-13,4756.86,4564.33
2007-12-14,4505.19,4657.58
2007-12-17,4662.58,4589.6
2007-12-18,4571.09,4596.63
2007-12-19,4621.58,4729.81
2007-12-20,4739.43,4805.6
2007-12-21,4791.3,4885.97
2007-12-24,4911.82,4964.28
2007-12-25,4970.78,5023.21
2007-12-26,5033.65,5075.67
2007-12-27,5093.53,5143.15
2007-12-28,5164.78,5102.8
2008-01-02,5113.94,5163.14
2008-01-03,5159.08,5315.44
2008-01-04,5325.11,5327.54
2008-01-07,5314.07,5414.61
2008-01-08,5417.72,5359.42
2008-01-09,5337.9,5494.3
2008-01-10,5494.31,5583.32
2008-01-11,5601.59,5550.7
2008-01-14,5549.92,5604.01
2008-01-15,5611.53,5614.5
2008-01-16,5567.25,5423.98
2008-01-17,5376.4,5261.19
2008-01-18,5252.79,5305.46
2008-01-21,5315.71,5038.25
2008-01-22,4910.76,4662.67
2008-01-23,4693.69,4919.94
2008-01-24,4968.02,4991.08
2008-01-25,4993.99,4996.42
2008-01-28,4964.8,4638.12
2008-01-29,4640.48,4668.19
2008-01-30,4724.35,4663.37
2008-01-31,4647.73,4589.11
2008-02-01,4580.73,4509.18
2008-02-04,4630.09,4888.85
2008-02-05,4902.18,4880.22
2008-02-13,4830.19,4801.11
2008-02-14,4844.53,4885.47
2008-02-15,4853.61,4845.42
2008-02-18,4888.58,4939.29
2008-02-19,4953.71,5072.25
2008-02-20,5097.96,5004.57
2008-02-21,4976.53,5052.93
2008-02-22,5037.29,4894.18
2008-02-25,4893.82,4728.78
2008-02-26,4848.42,4669.04
2008-02-27,4701.23,4776.34
2008-02-28,4785.42,4799.75
2008-02-29,4781.69,4819.84
2008-03-03,4798.36,4944.53
2008-03-04,4953.1,4831.59
2008-03-05,4801.89,4752.52
2008-03-06,4767.6,4780.68
2008-03-07,4736.63,4714.46
2008-03-10,4686.7,4522.27
2008-03-11,4478.26,4526.58
2008-03-12,4622.57,4409.7
2008-03-13,4370.13,4253.07
2008-03-14,4232.78,4212.75
2008-03-17,4194.9,3949.56
2008-03-18,3908.28,3719.85
2008-03-19,3799.56,3864.78
2008-03-20,3807.76,4007.18
2008-03-21,4008.23,4105.32
2008-03-24,4154.83,3935.13
2008-03-25,3859.06,4025.13
2008-03-26,4041.25,4034.86
2008-03-27,3980.68,3843.31
2008-03-28,3804.06,3960.47
2008-03-31,3842.52,3808.97
2008-04-01,3794.89,3529.26
2008-04-02,3559.52,3440.75
2008-04-03,3420.17,3590.05
2008-04-07,3548.71,3793.43
2008-04-08,3798.32,3847.75
2008-04-09,3828.83,3702.48
2008-04-10,3643.51,3788.45
2008-04-11,3815.26,3811.91
2008-04-14,3732.79,3577.15
2008-04-15,3557.82,3638.46
2008-04-16,3633.73,3544.54
2008-04-17,3551.19,3405.8
2008-04-18,3372.41,3259.41
2008-04-21,3478.92,3255.69
2008-04-22,3197.58,3276.7
2008-04-23,3253.08,3434.47
2008-04-24,3714.57,3751.29
2008-04-25,3760.02,3803.79
2008-04-28,3748.44,3748.05
2008-04-29,3723.36,3812.13
2008-04-30,3822.58,3966.07
2008-05-05,4027.36,4079.21
2008-05-06,4052.08,4043.81
2008-05-07,4021.93,3856.9
2008-05-08,3812.24,3980.88
2008-05-09,4015.53,3989.83
2008-05-12,3932.77,4024.95
2008-05-13,3905.65,4030.56
2008-05-14,4030.19,4131.89
2008-05-15,4159.8,4126.88
2008-05-16,4127.78,4087.45
2008-05-19,4082.13,4073.59
2008-05-20,4078.6,3849.91
2008-05-21,3800.64,3955.91
2008-05-22,3907.94,3901.81
2008-05-23,3885.0,3843.87
2008-05-26,3811.32,3708.14
2008-05-27,3693.9,3718.91
2008-05-28,3719.26,3806.97
2008-05-29,3798.56,3708.51
2008-05-30,3707.83,3734.0
2008-06-02,3723.78,3755.85
2008-06-03,3768.12,3757.3
2008-06-04,3736.13,3675.06
2008-06-05,3635.23,3613.75
2008-06-06,3630.29,3603.41
2008-06-10,3465.79,3326.57
2008-06-11,3280.14,3256.88
2008-06-12,3248.52,3199.28
2008-06-13,3199.82,3096.49
2008-06-16,3091.49,3048.64
2008-06-17,3048.94,2925.24
2008-06-18,2909.08,3093.87
2008-06-19,3073.7,2854.87
2008-06-20,2893.47,2903.52
2008-06-23,2856.17,2826.27
2008-06-24,2810.34,2860.47
2008-06-25,2856.69,2999.83
2008-06-26,2988.8,3010.76
2008-06-27,2912.43,2825.06
2008-06-30,2804.91,2795.79
2008-07-01,2801.25,2715.85
2008-07-02,2723.74,2736.0
2008-07-03,2697.71,2816.71
2008-07-04,2799.3,2772.4
2008-07-07,2779.96,2920.74
2008-07-08,2938.48,2958.41
2008-07-09,2978.55,3058.91
2008-07-10,3013.96,2998.95
2008-07-11,2986.47,2971.0
2008-07-14,2945.77,3007.53
2008-07-15,3022.63,2908.61
2008-07-16,2874.21,2786.24
2008-07-17,2826.32,2740.44
2008-07-18,2767.22,2821.33
2008-07-21,2805.15,2918.47
2008-07-22,2915.27,2921.41
2008-07-23,2934.3,2885.97
2008-07-24,2902.78,2952.94
2008-07-25,2919.68,2909.39
2008-07-28,2926.85,2939.05
2008-07-29,2906.24,2887.27
2008-07-30,2915.21,2865.88
2008-07-31,2877.42,2783.51
2008-08-01,2765.61,2777.88
2008-08-04,2759.8,2687.55
2008-08-05,2683.85,2582.16
2008-08-06,2597.73,2590.76
2008-08-07,2589.28,2592.37
2008-08-08,2591.63,2455.95
2008-08-11,2449.03,2326.84
2008-08-12,2310.76,2360.44
2008-08-13,2350.22,2376.11
2008-08-14,2360.38,2375.97
2008-08-15,2374.71,2368.55
2008-08-18,2376.1,2228.15
2008-08-19,2199.78,2262.47
2008-08-20,2251.57,2418.71
2008-08-21,2377.53,2318.93
2008-08-22,2297.75,2273.85
2008-08-25,2269.93,2254.34
2008-08-26,2232.55,2167.12
2008-08-27,2160.91,2157.4
2008-08-28,2155.26,2173.05
2008-08-29,2179.4,2233.28
2008-09-01,2217.11,2177.14
2008-09-02,2162.96,2172.64
2008-09-03,2165.13,2142.43
2008-09-04,2136.85,2152.82
2008-09-05,2099.9,2088.46
2008-09-08,2090.49,2018.23
2008-09-09,2027.51,2042.64
2008-09-10,2030.73,2051.7
2008-09-11,2051.41,2011.46
2008-09-12,2009.81,2024.09
2008-09-16,2019.58,1997.32
2008-09-17,1992.17,1959.53
2008-09-18,1924.78,1914.64
2008-09-19,2069.61,2079.88
2008-09-22,2207.62,2163.63
2008-09-23,2098.44,2072.69
2008-09-24,2038.2,2094.09
2008-09-25,2097.75,2175.2
2008-09-26,2188.11,2203.04
2008-10-06,2161.4,2080.21
2008-10-07,2010.32,2053.11
2008-10-08,2006.16,2005.1
2008-10-09,2039.52,1969.52
2008-10-10,1900.85,1875.45
2008-10-13,1852.21,1911.66
2008-10-14,1965.57,1867.38
2008-10-15,1848.99,1839.04
2008-10-16,1774.72,1750.46
2008-10-17,1760.07,1774.74
2008-10-20,1772.65,1828.09
2008-10-21,1835.04,1817.94
2008-10-22,1796.72,1775.59
2008-10-23,1740.36,1783.39
2008-10-24,1777.56,1748.09
2008-10-27,1713.96,1629.95
2008-10-28,1601.09,1665.35
2008-10-29,1686.27,1621.55
2008-10-30,1630.52,1651.19
2008-10-31,1642.44,1615.56
2008-11-03,1606.79,1596.1
2008-11-04,1589.71,1568.82
2008-11-05,1579.27,1618.69
2008-11-06,1583.72,1603.55
2008-11-07,1578.97,1617.39
2008-11-10,1640.94,1722.4
2008-11-11,1723.92,1717.48
2008-11-12,1696.19,1730.1
2008-11-13,1713.4,1810.39
2008-11-14,1827.44,1872.43
2008-11-17,1862.55,1922.54
2008-11-18,1905.34,1776.58
2008-11-19,1759.79,1875.0
2008-11-20,1838.64,1851.81
2008-11-21,1802.73,1839.85
2008-11-24,1840.83,1775.12
2008-11-25,1800.5,1766.74
2008-11-26,1764.31,1791.66
2008-11-27,1908.26,1821.41
2008-11-28,1804.55,1798.44
2008-12-01,1792.59,1827.94
2008-12-02,1793.42,1837.74
2008-12-03,1851.34,1919.0
2008-12-04,1941.88,1943.79
2008-12-05,1933.14,1969.9
2008-12-08,1992.61,2039.21
2008-12-09,2048.55,2004.64
2008-12-10,1988.98,2028.44
2008-12-11,2021.99,1981.51
2008-12-12,1967.12,1902.68
2008-12-15,1931.87,1924.41
2008-12-16,1909.93,1947.67
2008-12-17,1955.24,1961.41
2008-12-18,1959.15,1988.22
2008-12-19,1986.97,2001.14
2008-12-22,1998.95,1973.24
2008-12-23,1977.47,1876.42
2008-12-24,1848.75,1838.65
2008-12-25,1843.0,1823.21
2008-12-26,1810.41,1804.81
2008-12-29,1782.99,1783.93
2008-12-30,1778.42,1746.51
2008-12-31,1743.82,1711.02
2009-01-05,1729.75,1776.05
2009-01-06,1772.48,1833.28
2009-01-07,1827.32,1821.68
2009-01-08,1789.18,1784.42
2009-01-09,1786.2,1822.58
2009-01-12,1817.83,1838.33
2009-01-13,1817.27,1797.3
2009-01-14,1795.69,1867.08
2009-01-15,1850.47,1861.71
2009-01-16,1870.06,1885.97
2009-01-19,1902.74,1895.27
2009-01-20,1891.98,1908.31
2009-01-21,1879.72,1896.28
2009-01-22,1905.19,1924.44
2009-01-23,1920.66,1918.79
2009-02-02,1940.57,1957.42
2009-02-03,1957.8,2012.17
2009-02-04,2021.76,2061.96
2009-02-05,2062.31,2055.04
2009-02-06,2062.66,2143.17
2009-02-09,2179.31,2227.32
2009-02-10,2222.08,2279.73
2009-02-11,2238.91,2269.87
2009-02-12,2270.34,2250.85
2009-02-13,2251.13,2328.57
2009-02-16,2354.11,2404.27
2009-02-17,2403.77,2320.76
2009-02-18,2260.67,2206.94
2009-02-19,2230.59,2255.84
2009-02-20,2265.66,2330.67
2009-02-23,2321.37,2386.71
2009-02-24,2355.14,2291.96
2009-02-25,2320.82,2277.21
2009-02-26,2277.93,2137.43
2009-02-27,2109.68,2038.24
2009-03-02,2014.73,2068.41
2009-03-03,2019.03,2069.97
2009-03-04,2076.63,2205.13
2009-03-05,2237.96,2220.92
2009-03-06,2178.88,2196.22
2009-03-09,2210.15,2107.41
2009-03-10,2079.8,2147.55
2009-03-11,2193.51,2135.67
2009-03-12,2123.54,2133.84
2009-03-13,2147.09,2111.7
2009-03-16,2107.1,2140.61
2009-03-17,2148.33,2222.98
2009-03-18,2235.37,2255.13
2009-03-19,2259.89,2309.85
2009-03-20,2320.59,2337.32
2009-03-23,2350.24,2392.71
2009-03-24,2420.53,2410.78
2009-03-25,2393.78,2339.57
2009-03-26,2342.76,2408.63
2009-03-27,2430.26,2437.81
2009-03-30,2433.26,2409.32
2009-03-31,2360.84,2407.3
2009-04-01,2422.03,2466.31
2009-04-02,2473.5,2489.71
2009-04-03,2508.65,2464.08
2009-04-07,2466.98,2480.84
2009-04-08,2469.19,2395.23
2009-04-09,2391.23,2430.24
2009-04-10,2446.47,2500.34
2009-04-13,2523.02,2575.46
2009-04-14,2571.15,2598.09
2009-04-15,2583.73,2626.86
2009-04-16,2634.85,2641.09
2009-04-17,2630.8,2587.04
2009-04-20,2579.18,2641.19
2009-04-21,2608.57,2614.96
2009-04-22,2623.64,2506.66
2009-04-23,2482.04,2533.95
2009-04-24,2540.77,2501.48
2009-04-27,2495.1,2420.1
2009-04-28,2402.62,2433.68
2009-04-29,2431.38,2493.77
2009-04-30,2512.74,2513.34
2009-05-04,2531.5,2624.54
2009-05-05,2645.47,2636.42
2009-05-06,2633.52,2681.29
2009-05-07,2705.7,2668.45
2009-05-08,2645.09,2657.41
2009-05-11,2668.06,2578.07
2009-05-12,2554.1,2656.31
2009-05-13,2659.26,2682.98
2009-05-14,2653.94,2680.6
2009-05-15,2684.74,2680.08
2009-05-18,2667.0,2715.47
2009-05-19,2733.81,2745.82
2009-05-20,2751.06,2732.1
2009-05-21,2717.46,2675.0
2009-05-22,2657.8,2659.98
2009-05-25,2594.99,2669.27
2009-05-26,2668.57,2637.59
2009-05-27,2649.34,2656.95
2009-06-01,2687.51,2738.32
2009-06-02,2759.41,2764.97
2009-06-03,2763.96,2809.5
2009-06-04,2792.93,2827.82
2009-06-05,2839.05,2812.59
2009-06-08,2806.61,2786.86
2009-06-09,2784.11,2779.93
2009-06-10,2793.0,2823.9
2009-06-11,2819.54,2789.35
2009-06-12,2784.47,2730.47
2009-06-15,2717.14,2735.21
2009-06-16,2708.95,2737.19
2009-06-17,2734.25,2774.59
2009-06-18,2779.52,2799.83
2009-06-19,2810.88,2807.65
2009-06-22,2823.11,2805.28
2009-06-23,2766.15,2821.13
2009-06-24,2825.22,2901.45
2009-06-25,2908.8,2889.41
2009-06-26,2893.2,2883.28
2009-06-29,2882.92,2920.32
2009-06-30,2926.96,2887.43
2009-07-01,2871.76,2928.78
2009-07-02,2940.86,2955.37
2009-07-03,2933.81,2981.11
2009-07-06,2990.14,3059.13
2009-07-07,3056.5,3051.88
2009-07-08,3031.01,3081.03
2009-07-09,3082.32,3140.06
2009-07-10,3142.2,3139.72
2009-07-13,3128.56,3109.83
2009-07-14,3118.82,3192.25
2009-07-15,3207.67,3283.58
2009-07-16,3303.68,3278.04
2009-07-17,3274.11,3330.01
2009-07-20,3350.95,3424.19
2009-07-21,3434.52,3346.05
2009-07-22,3334.32,3417.05
2009-07-23,3426.96,3442.41
2009-07-24,3460.28,3463.41
2009-07-27,3478.18,3562.64
2009-07-28,3572.82,3617.76
2009-07-29,3606.31,3419.17
2009-07-30,3430.74,3484.7
2009-07-31,3527.55,3618.04
2009-08-03,3641.77,3758.84
2009-08-04,3776.93,3817.93
2009-08-05,3810.02,3771.13
2009-08-06,3728.43,3642.41
2009-08-07,3630.08,3489.27
2009-08-10,3529.04,3523.36
2009-08-11,3536.75,3527.79
2009-08-12,3511.58,3338.38
2009-08-13,3345.79,3376.01
2009-08-14,3381.59,3274.83
2009-08-17,3197.29,3039.82
2009-08-18,3004.63,3110.45
2009-08-19,3108.34,2930.22
2009-08-20,2930.63,3048.18
2009-08-21,3037.65,3128.59
2009-08-24,3148.03,3175.45
2009-08-25,3147.57,3080.72
2009-08-26,3050.21,3149.57
2009-08-27,3122.49,3135.69
2009-08-28,3132.16,3019.75
2009-08-31,2975.96,2777.81
2009-09-01,2739.62,2750.69
2009-09-02,2730.9,2777.47
2009-09-03,2784.76,2956.07
2009-09-04,2955.17,2985.74
2009-09-07,3000.19,2993.94
2009-09-08,2966.54,3071.92
2009-09-09,3093.49,3133.0
2009-09-10,3112.92,3093.76
2009-09-11,3074.25,3130.25
2009-09-14,3136.08,3190.23
2009-09-15,3197.24,3218.46
2009-09-16,3208.98,3173.87
2009-09-17,3185.58,3232.69
2009-09-18,3231.06,3115.92
2009-09-21,3071.94,3125.98
2009-09-22,3117.66,3038.58
2009-09-23,3033.54,2949.85
2009-09-24,2925.42,2930.88
2009-09-25,2912.65,2894.14
2009-09-28,2901.41,2807.81
2009-09-29,2811.36,2788.8
2009-09-30,2810.64,2826.99
2009-10-09,2903.49,2987.21
2009-10-12,2996.32,2973.69
2009-10-13,2972.25,3027.45
2009-10-14,3035.22,3054.79
2009-10-15,3083.98,3078.35
2009-10-16,3091.81,3084.12
2009-10-19,3083.09,3178.54
2009-10-20,3199.67,3210.06
2009-10-21,3205.33,3195.68
2009-10-22,3195.66,3173.63
2009-10-23,3179.96,3238.48
2009-10-26,3245.66,3256.79
2009-10-27,3224.75,3151.27
2009-10-28,3135.88,3182.43
2009-10-29,3118.18,3102.95
2009-10-30,3157.62,3131.57
2009-11-02,3061.63,3227.95
2009-11-03,3239.64,3282.5
2009-11-04,3295.29,3307.98
2009-11-05,3312.72,3336.09
2009-11-06,3357.39,3362.9
2009-11-09,3364.99,3397.14
2009-11-10,3423.26,3393.02
2009-11-11,3389.0,3381.18
2009-11-12,3391.95,3397.56
2009-11-13,3386.4,3407.42
2009-11-16,3432.38,3524.51
2009-11-17,3551.39,3525.33
2009-11-18,3531.12,3533.48
2009-11-19,3541.66,3561.46
2009-11-20,3550.41,3547.11
2009-11-23,3553.1,3608.12
2009-11-24,3627.11,3495.15
2009-11-25,3481.45,3629.85
2009-11-26,3643.84,3492.8
2009-11-27,3434.96,3371.14
2009-11-30,3408.53,3520.22
2009-12-01,3522.48,3606.65
2009-12-02,3623.94,3633.56
2009-12-03,3631.58,3666.5
2009-12-04,3657.22,3652.57
2009-12-07,3662.53,3684.18
2009-12-08,3685.79,3649.2
2009-12-09,3602.25,3591.62
2009-12-10,3612.07,3604.62
2009-12-11,3624.6,3608.58
2009-12-14,3614.2,3625.09
2009-12-15,3617.88,3625.37
2009-12-16,3614.35,3591.38
2009-12-17,3601.72,3482.58
2009-12-18,3452.32,3384.58
2009-12-21,3381.87,3395.59
2009-12-22,3403.75,3284.61
2009-12-23,3281.11,3318.34
2009-12-24,3331.88,3452.86
2009-12-25,3449.92,3444.69
2009-12-28,3452.51,3504.75
2009-12-29,3513.96,3518.88
2009-12-30,3520.26,3555.85
2009-12-31,3557.79,3566.12
2010-01-04,3584.43,3532.21
2010-01-05,3540.73,3569.85
2010-01-06,3564.9,3559.64
2010-01-07,3557.28,3480.28
2010-01-08,3467.0,3478.92
2010-01-11,3591.88,3476.13
2010-01-12,3470.77,3541.39
2010-01-13,3456.02,3427.69
2010-01-14,3440.65,3478.36
2010-01-15,3480.95,3483.32
2010-01-18,3473.96,3515.62
2010-01-19,3520.13,3520.88
2010-01-20,3528.65,3407.73
2010-01-21,3413.62,3412.38
2010-01-22,3370.86,3370.2
2010-01-25,3342.95,3321.61
2010-01-26,3318.32,3238.8
2010-01-27,3237.43,3196.6
2010-01-28,3194.27,3197.59
2010-01-29,3186.08,3197.7
2010-02-01,3189.6,3139.1
2010-02-02,3153.81,3132.73
2010-02-03,3149.06,3222.64
2010-02-04,3201.63,3205.03
2010-02-05,3138.97,3135.65
2010-02-08,3132.36,3139.11
2010-02-09,3137.58,3162.01
2010-02-10,3185.47,3195.42
2010-02-11,3197.38,3205.46
2010-02-12,3216.83,3242.19
2010-02-22,3239.43,3225.16
2010-02-23,3221.27,3207.47
2010-02-24,3185.72,3256.45
2010-02-25,3263.69,3289.6
2010-02-26,3283.94,3270.35
2010-03-01,3277.35,3311.51
2010-03-02,3314.3,3291.09
2010-03-03,3291.71,3316.44
2010-03-04,3319.07,3234.44
2010-03-05,3235.24,3240.11
2010-03-08,3251.7,3272.29
2010-03-09,3270.89,3290.52
2010-03-10,3287.33,3264.74
2010-03-11,3266.84,3260.34
2010-03-12,3261.84,3216.46
2010-03-15,3214.58,3167.84
2010-03-16,3166.99,3170.75
2010-03-17,3182.27,3235.27
2010-03-18,3239.32,3227.63
2010-03-19,3230.12,3252.42
2010-03-22,3253.42,3259.21
2010-03-23,3262.08,3239.65
2010-03-24,3245.19,3239.42
2010-03-25,3232.81,3206.94
2010-03-26,3204.95,3242.89
2010-03-29,3258.87,3312.59
2010-03-30,3316.26,3314.98
2010-03-31,3315.29,3291.28
2010-04-01,3296.77,3337.0
2010-04-02,3347.68,3359.07
2010-04-06,3378.4,3369.91
2010-04-07,3369.49,3356.13
2010-04-08,3350.45,3318.02
2010-04-09,3318.29,3344.6
2010-04-12,3353.64,3317.91
2010-04-13,3315.18,3354.01
2010-04-14,3357.87,3364.33
2010-04-15,3370.73,3353.28
2010-04-16,3350.46,3317.02
2010-04-19,3274.83,3143.72
2010-04-20,3143.59,3147.31
2010-04-21,3153.53,3205.63
2010-04-22,3191.91,3163.85
2010-04-23,3159.46,3147.01
2010-04-26,3154.92,3126.16
2010-04-27,3116.24,3060.53
2010-04-28,3032.42,3054.76
2010-04-29,3070.54,3020.63
2010-04-30,3022.19,3027.91
2010-05-04,2975.02,2993.49
2010-05-05,2963.74,3016.19
2010-05-06,2996.7,2884.16
2010-05-07,2820.22,2814.4
2010-05-10,2816.79,2829.74
2010-05-11,2883.16,2786.48
2010-05-12,2765.0,2807.71
2010-05-13,2804.12,2872.37
2010-05-14,2855.09,2857.08
2010-05-17,2818.31,2709.95
2010-05-18,2707.59,2758.28
2010-05-19,2741.04,2749.25
2010-05-20,2732.54,2723.61
2010-05-21,2653.31,2760.48
2010-05-24,2773.47,2854.71
2010-05-25,2836.62,2795.5
2010-05-26,2796.98,2792.14
2010-05-27,2785.63,2836.7
2010-05-28,2864.09,2839.18
2010-05-31,2826.64,2768.06
2010-06-01,2750.98,2729.07
2010-06-02,2717.36,2738.66
2010-06-03,2750.68,2719.06
2010-06-04,2706.72,2716.93
2010-06-07,2668.79,2665.25
2010-06-08,2660.46,2669.74
2010-06-09,2678.26,2741.27
2010-06-10,2722.6,2721.8
2010-06-11,2733.28,2732.15
2010-06-17,2749.91,2712.54
2010-06-18,2711.13,2664.33
2010-06-21,2664.92,2727.32
2010-06-22,2719.64,2735.72
2010-06-23,2721.78,2710.58
2010-06-24,2703.54,2706.85
2010-06-25,2695.23,2678.08
2010-06-28,2674.53,2659.31
2010-06-29,2660.32,2544.54
2010-06-30,2524.74,2508.12
2010-07-01,2503.39,2471.83
2010-07-02,2471.41,2477.46
2010-07-05,2450.96,2456.86
2010-07-06,2447.39,2508.86
2010-07-07,2505.96,2524.37
2010-07-08,2531.22,2511.81
2010-07-09,2513.29,2589.27
2010-07-12,2587.34,2624.1
2010-07-13,2602.83,2581.4
2010-07-14,2587.27,2601.82
2010-07-15,2599.87,2549.28
2010-07-16,2540.31,2565.28
2010-07-19,2543.5,2629.5
2010-07-20,2630.78,2687.56
2010-07-21,2689.04,2691.44
2010-07-22,2682.41,2722.03
2010-07-23,2726.37,2729.96
2010-07-26,2733.91,2748.93
2010-07-27,2739.45,2735.36
2010-07-28,2735.87,2796.91
2010-07-29,2797.24,2814.0
2010-07-30,2805.86,2797.42
2010-08-02,2795.98,2850.13
2010-08-03,2857.49,2804.78
2010-08-04,2796.73,2819.54
2010-08-05,2820.06,2792.48
2010-08-06,2790.23,2844.06
2010-08-09,2842.24,2862.36
2010-08-10,2863.78,2784.16
2010-08-11,2775.11,2795.64
2010-08-12,2767.83,2762.23
2010-08-13,2764.92,2794.51
2010-08-16,2791.7,2855.92
2010-08-17,2857.91,2863.67
2010-08-18,2869.46,2859.73
2010-08-19,2861.79,2877.19
2010-08-20,2872.11,2829.28
2010-08-23,2827.45,2827.73
2010-08-24,2824.47,2845.74
2010-08-25,2828.61,2776.74
2010-08-26,2791.72,2789.49
2010-08-27,2786.97,2799.1
2010-08-30,2814.78,2848.48
2010-08-31,2838.94,2840.62
2010-09-01,2845.33,2831.92
2010-09-02,2858.9,2862.42
2010-09-03,2869.28,2856.76
2010-09-06,2873.43,2903.18
2010-09-07,2908.05,2917.27
2010-09-08,2906.6,2919.39
2010-09-09,2923.3,2875.05
2010-09-10,2879.16,2883.88
2010-09-13,2882.06,2901.06
2010-09-14,2906.22,2893.78
2010-09-15,2892.61,2845.57
2010-09-16,2843.73,2788.77
2010-09-17,2795.94,2785.07
2010-09-20,2788.67,2764.84
2010-09-21,2774.45,2771.34
2010-09-27,2782.99,2814.17
2010-09-28,2808.92,2791.57
2010-09-29,2790.52,2793.86
2010-09-30,2781.09,2842.85
2010-10-08,2871.2,2942.42
2010-10-11,2977.28,3028.52
2010-10-12,3018.01,3067.47
2010-10-13,3072.03,3095.41
2010-10-14,3110.48,3107.14
2010-10-15,3092.1,3199.78
2010-10-18,3210.21,3164.6
2010-10-19,3165.51,3226.32
2010-10-20,3154.73,3240.87
2010-10-21,3252.79,3234.97
2010-10-22,3230.94,3240.66
2010-10-25,3246.57,3332.55
2010-10-26,3344.39,3322.14
2010-10-27,3309.83,3279.79
2010-10-28,3269.76,3268.08
2010-10-29,3269.56,3250.08
2010-11-01,3259.25,3356.23
2010-11-02,3369.28,3347.1
2010-11-03,3346.15,3291.64
2010-11-04,3298.57,3353.12
2010-11-05,3396.69,3398.02
2010-11-08,3408.92,3431.22
2010-11-09,3428.14,3419.14
2010-11-10,3407.15,3401.23
2010-11-11,3390.7,3416.33
2010-11-12,3393.46,3220.11
2010-11-15,3222.88,3247.15
2010-11-16,3241.68,3110.6
2010-11-17,3065.88,3034.47
2010-11-18,3063.85,3074.66
2010-11-19,3092.37,3108.65
2010-11-22,3081.7,3099.43
2010-11-23,3084.21,3050.58
2010-11-24,3009.09,3085.96
2010-11-25,3102.49,3119.44
2010-11-26,3116.12,3106.03
2010-11-29,3099.72,3093.39
2010-11-30,3091.11,3040.73
2010-12-01,3033.09,3049.24
2010-12-02,3098.53,3074.93
2010-12-03,3082.08,3075.64
2010-12-06,3086.96,3081.4
2010-12-07,3071.14,3116.32
2010-12-08,3116.27,3091.85
2010-12-09,3079.7,3047.54
2010-12-10,3032.29,3081.72
2010-12-13,3096.58,3182.28
2010-12-14,3195.18,3185.7
2010-12-15,3187.77,3174.13
2010-12-16,3172.14,3163.44
2010-12-17,3161.39,3162.04
2010-12-20,3175.21,3121.12
2010-12-21,3127.32,3182.32
2010-12-22,3188.81,3159.34
2010-12-23,3157.51,3136.34
2010-12-24,3122.19,3110.88
2010-12-27,3116.78,3061.57
2010-12-28,3046.27,3005.53
2010-12-29,3008.79,3018.1
2010-12-30,3016.81,3028.51
2010-12-31,3032.54,3092.6
2011-01-04,3123.98,3146.59
2011-01-05,3124.94,3142.04
2011-01-06,3141.33,3121.49
2011-01-07,3118.21,3123.61
2011-01-10,3116.73,3071.84
2011-01-11,3063.16,3096.3
2011-01-12,3105.81,3106.44
2011-01-13,3119.1,3113.75
2011-01-14,3105.22,3065.76
2011-01-17,3045.21,2969.29
2011-01-18,2959.71,2970.49
2011-01-19,2972.81,3032.85
2011-01-20,3025.05,2939.79
2011-01-21,2933.16,2972.08
2011-01-24,2973.91,2931.85
2011-01-25,2929.36,2921.17
2011-01-26,2923.53,2948.59
2011-01-27,2931.17,3005.36
2011-01-28,3000.14,3010.69
2011-01-31,3010.79,3043.73
2011-02-01,3051.34,3050.24
2011-02-09,3028.44,3010.94
2011-02-10,3006.53,3070.76
2011-02-11,3067.81,3081.11
2011-02-14,3086.14,3189.71
2011-02-15,3193.41,3180.45
2011-02-16,3177.64,3218.93
2011-02-17,3223.2,3219.12
2011-02-18,3213.31,3181.39
2011-02-21,3164.72,3229.14
2011-02-22,3244.23,3148.13
2011-02-23,3138.02,3155.92
2011-02-24,3152.68,3177.44
2011-02-25,3178.51,3189.08
2011-02-28,3194.42,3226.03
2011-03-01,3225.28,3234.71
2011-03-02,3216.16,3218.1
2011-03-03,3224.99,3195.85
2011-03-04,3197.63,3244.78
2011-03-07,3260.18,3332.31
2011-03-08,3341.51,3339.79
2011-03-09,3343.54,3331.7
2011-03-10,3325.49,3273.94
2011-03-11,3256.25,3245.99
2011-03-14,3247.78,3267.28
2011-03-15,3254.08,3208.24
2011-03-16,3210.12,3256.08
2011-03-17,3226.27,3216.4
2011-03-18,3251.57,3228.81
2011-03-21,3237.17,3214.36
2011-03-22,3225.85,3226.93
2011-03-23,3228.12,3264.17
2011-03-24,3268.75,3254.46
2011-03-25,3259.37,3290.88
2011-03-28,3304.12,3289.86
2011-03-29,3289.33,3262.83
2011-03-30,3264.25,3253.77
2011-03-31,3254.63,3234.11
2011-04-01,3241.31,3284.05
2011-04-06,3277.98,3318.97
2011-04-07,3322.43,3323.15
2011-04-08,3318.93,3354.88
2011-04-11,3365.77,3349.29
2011-04-12,3336.49,3354.87
2011-04-13,3337.06,3384.35
2011-04-14,3390.62,3373.72
2011-04-15,3364.29,3374.3
2011-04-18,3361.57,3381.89
2011-04-19,3351.55,3302.78
2011-04-20,3310.46,3302.15
2011-04-21,3319.98,3334.37
2011-04-22,3334.27,3312.34
2011-04-25,3300.12,3246.79
2011-04-26,3241.38,3221.61
2011-04-27,3234.51,3212.63
2011-04-28,3228.77,3171.23
2011-04-29,3175.81,3211.36
2011-05-03,3213.97,3238.87
2011-05-04,3220.32,3150.83
2011-05-05,3138.37,3149.98
2011-05-06,3110.56,3139.58
2011-05-09,3143.88,3149.76
2011-05-10,3158.57,3175.5
2011-05-11,3178.57,3162.88
2011-05-12,3138.46,3119.91
2011-05-13,3126.03,3147.31
2011-05-16,3138.78,3117.0
2011-05-17,3113.24,3133.57
2011-05-18,3126.32,3155.83
2011-05-19,3165.53,3136.97
2011-05-20,3134.95,3131.78
2011-05-23,3125.79,3024.92
2011-05-24,3018.9,3020.2
2011-05-25,3017.54,2990.19
2011-05-26,3010.07,2986.45
2011-05-27,2989.82,2975.5
2011-05-30,2973.51,2972.08
2011-05-31,2975.69,3016.73
2011-06-01,3008.9,3019.6
2011-06-02,2986.17,2983.69
2011-06-03,2977.45,3004.33
2011-06-07,2991.83,3013.26
2011-06-08,3007.9,3012.63
2011-06-09,3003.57,2962.1
2011-06-10,2958.32,2976.09
2011-06-13,2953.17,2957.1
2011-06-14,2953.07,2991.68
2011-06-15,2982.21,2972.59
2011-06-16,2942.6,2917.3
2011-06-17,2921.82,2897.14
2011-06-20,2890.8,2879.4
2011-06-21,2887.3,2917.44
2011-06-22,2920.54,2910.71
2011-06-23,2899.36,2957.6
2011-06-24,2942.36,3023.33
2011-06-27,3018.58,3029.92
2011-06-28,3032.61,3028.39
2011-06-29,3021.92,2988.48
2011-06-30,2991.34,3027.75
2011-07-01,3034.08,3040.57
2011-07-04,3059.02,3105.16
2011-07-05,3102.39,3106.9
2011-07-06,3104.21,3100.14
2011-07-07,3105.85,3088.25
2011-07-08,3089.18,3091.48
2011-07-11,3083.69,3090.61
2011-07-12,3064.05,3031.07
2011-07-13,3033.79,3077.22
2011-07-14,3082.79,3087.31
2011-07-15,3078.81,3095.4
2011-07-18,3093.24,3082.14
2011-07-19,3067.57,3055.53
2011-07-20,3074.47,3053.63
2011-07-21,3057.15,3028.75
2011-07-22,3035.96,3038.89
2011-07-25,3024.59,2946.38
2011-07-26,2943.69,2950.71
2011-07-27,2935.34,2973.33
2011-07-28,2948.63,2960.75
2011-07-29,2959.99,2951.43
2011-08-01,2949.61,2959.94
2011-08-02,2943.39,2934.92
2011-08-03,2907.82,2929.5
2011-08-04,2935.13,2933.08
2011-08-05,2859.56,2865.94
2011-08-08,2836.06,2746.91
2011-08-09,2675.71,2744.39
2011-08-10,2792.62,2768.43
2011-08-11,2725.28,2807.85
2011-08-12,2824.14,2818.15
2011-08-15,2825.53,2854.62
2011-08-16,2858.69,2836.87
2011-08-17,2831.88,2830.64
2011-08-18,2830.89,2783.32
2011-08-19,2735.13,2749.61
2011-08-22,2750.32,2724.36
2011-08-23,2735.6,2766.48
2011-08-24,2780.12,2758.43
2011-08-25,2767.94,2848.05
2011-08-26,2834.24,2841.15
2011-08-29,2819.91,2800.21
2011-08-30,2821.33,2793.63
2011-08-31,2794.31,2800.04
2011-09-01,2804.06,2786.22
2011-09-02,2782.7,2755.32
2011-09-05,2731.83,2693.57
2011-09-06,2678.16,2675.2
2011-09-07,2688.9,2731.77
2011-09-08,2742.02,2716.22
2011-09-09,2730.92,2715.19
2011-09-13,2681.1,2691.59
2011-09-14,2700.3,2709.3
2011-09-15,2708.54,2699.38
2011-09-16,2715.15,2704.85
2011-09-19,2690.72,2656.14
2011-09-20,2652.29,2672.12
2011-09-21,2674.72,2749.63
2011-09-22,2725.17,2674.25
2011-09-23,2635.52,2665.01
2011-09-26,2643.28,2623.66
2011-09-27,2643.68,2649.11
2011-09-28,2666.23,2620.32
2011-09-29,2605.13,2600.16
2011-09-30,2606.97,2595.0
2011-10-10,2601.5,2583.16
2011-10-11,2648.25,2564.08
2011-10-12,2547.93,2641.66
2011-10-13,2629.8,2654.48
2011-10-14,2648.07,2651.25
2011-10-17,2655.44,2656.82
2011-10-18,2638.7,2586.79
2011-10-19,2595.26,2580.77
2011-10-20,2567.0,2517.92
2011-10-21,2520.63,2499.06
2011-10-24,2506.23,2561.24
2011-10-25,2557.52,2610.32
2011-10-26,2597.34,2627.94
2011-10-27,2632.17,2635.59
2011-10-28,2667.35,2683.71
2011-10-31,2679.32,2673.53
2011-11-01,2653.63,2678.4
2011-11-02,2642.0,2713.34
2011-11-03,2720.91,2719.56
2011-11-04,2743.91,2735.91
2011-11-07,2724.36,2723.13
2011-11-08,2729.28,2721.66
2011-11-09,2734.87,2742.7
2011-11-10,2714.43,2694.97
2011-11-11,2702.72,2692.01
2011-11-14,2714.01,2752.09
2011-11-15,2748.21,2751.12
2011-11-16,2752.82,2680.04
2011-11-17,2682.77,2676.33
2011-11-18,2659.72,2619.95
2011-11-21,2621.29,2619.69
2011-11-22,2604.45,2611.86
2011-11-23,2616.71,2587.49
2011-11-24,2570.71,2588.3
2011-11-25,2583.61,2568.6
2011-11-28,2576.74,2575.37
2011-11-29,2594.52,2609.28
2011-11-30,2602.12,2526.56
2011-12-01,2592.87,2578.67
2011-12-02,2568.76,2543.99
2011-12-05,2547.6,2512.21
2011-12-06,2507.72,2509.03
2011-12-07,2509.35,2513.5
2011-12-08,2513.61,2510.78
2011-12-09,2497.05,2498.06
2011-12-12,2496.06,2480.0
2011-12-13,2472.38,2441.8
2011-12-14,2436.84,2420.21
2011-12-15,2407.53,2361.29
2011-12-16,2358.66,2401.1
2011-12-19,2380.52,2390.88
2011-12-20,2381.79,2377.08
2011-12-21,2397.38,2349.59
2011-12-22,2337.46,2352.02
2011-12-23,2349.07,2372.52
2011-12-26,2360.04,2357.67
2011-12-27,2353.57,2327.02
2011-12-28,2319.49,2332.74
2011-12-29,2321.11,2336.48
2011-12-30,2342.35,2363.78
2012-01-04,2380.35,2321.96
2012-01-05,2314.53,2306.65
2012-01-06,2305.09,2325.18
2012-01-09,2325.85,2402.6
2012-01-10,2400.58,2471.19
2012-01-11,2469.84,2458.86
2012-01-12,2453.58,2460.44
2012-01-13,2463.73,2424.64
2012-01-16,2412.79,2393.77
2012-01-17,2396.15,2498.61
2012-01-18,2496.4,2461.43
2012-01-19,2465.27,2506.63
2012-01-20,2514.66,2537.12
2012-01-30,2539.73,2485.84
2012-01-31,2487.81,2490.31
2012-02-01,2486.9,2458.77
2012-02-02,2467.17,2514.98
2012-02-03,2506.88,2532.52
2012-02-06,2537.73,2530.73
2012-02-07,2514.96,2484.62
2012-02-08,2483.17,2549.03
2012-02-09,2546.46,2549.2
2012-02-10,2540.46,2546.27
2012-02-13,2521.28,2543.17
2012-02-14,2540.08,2535.42
2012-02-15,2528.6,2558.8
2012-02-16,2554.58,2547.81
2012-02-17,2562.58,2548.54
2012-02-20,2581.08,2547.05
2012-02-21,2551.61,2565.02
2012-02-22,2565.11,2597.12
2012-02-23,2594.61,2601.8
2012-02-24,2602.92,2642.96
2012-02-27,2653.75,2649.99
2012-02-28,2645.1,2654.78
2012-02-29,2648.84,2625.79
2012-03-01,2618.5,2628.86
2012-03-02,2633.56,2671.6
2012-03-05,2677.15,2657.2
2012-03-06,2649.16,2616.56
2012-03-07,2594.56,2599.23
2012-03-08,2608.18,2626.79
2012-03-09,2634.96,2649.61
2012-03-12,2647.55,2635.6
2012-03-13,2632.92,2660.88
2012-03-14,2673.95,2584.82
2012-03-15,2583.62,2569.3
2012-03-16,2574.72,2603.49
2012-03-19,2596.35,2607.31
2012-03-20,2603.32,2567.05
2012-03-21,2580.08,2569.76
2012-03-22,2570.35,2569.4
2012-03-23,2561.91,2543.33
2012-03-26,2543.75,2545.5
2012-03-27,2555.49,2539.48
2012-03-28,2534.4,2472.66
2012-03-29,2463.89,2445.05
2012-03-30,2450.61,2463.93
2012-04-05,2460.27,2510.98
2012-04-06,2507.34,2517.63
2012-04-09,2509.53,2493.41
2012-04-10,2486.78,2515.17
2012-04-11,2491.38,2512.14
2012-04-12,2515.01,2564.36
2012-04-13,2568.19,2574.55
2012-04-16,2559.28,2568.83
2012-04-17,2566.51,2536.75
2012-04-18,2545.52,2592.21
2012-04-19,2589.36,2586.16
2012-04-20,2583.77,2618.96
2012-04-23,2615.75,2596.47
2012-04-24,2584.83,2600.88
2012-04-25,2594.17,2617.0
2012-04-26,2623.36,2615.11
2012-04-27,2613.95,2604.71
2012-05-02,2640.68,2658.56
2012-05-03,2655.15,2664.44
2012-05-04,2661.44,2678.97
2012-05-07,2661.21,2677.45
2012-05-08,2676.31,2664.14
2012-05-09,2643.4,2614.86
2012-05-10,2617.53,2615.85
2012-05-11,2609.12,2596.56
2012-05-14,2614.71,2578.03
2012-05-15,2561.95,2572.07
2012-05-16,2565.15,2534.97
2012-05-17,2537.7,2579.29
2012-05-18,2561.29,2541.66
2012-05-21,2539.41,2547.6
2012-05-22,2557.8,2582.71
2012-05-23,2576.54,2575.87
2012-05-24,2572.7,2554.49
2012-05-25,2552.95,2536.9
2012-05-28,2525.07,2567.32
2012-05-29,2565.13,2599.09
2012-05-30,2595.37,2592.05
2012-05-31,2572.99,2580.99
2012-06-01,2581.08,2581.4
2012-06-04,2548.28,2509.97
2012-06-05,2516.89,2513.04
2012-06-06,2516.21,2506.67
2012-06-07,2520.0,2484.36
2012-06-08,2498.12,2466.24
2012-06-11,2464.75,2489.8
2012-06-12,2477.07,2465.27
2012-06-13,2470.85,2498.49
2012-06-14,2485.62,2474.98
2012-06-15,2481.39,2492.96
2012-06-18,2502.24,2503.99
2012-06-19,2501.01,2485.79
2012-06-20,2491.0,2483.43
2012-06-21,2477.68,2437.79
2012-06-25,2427.05,2393.65
2012-06-26,2384.04,2393.15
2012-06-27,2391.16,2383.36
2012-06-28,2388.28,2361.88
2012-06-29,2355.58,2394.1
2012-07-02,2405.45,2388.62
2012-07-03,2389.12,2389.58
2012-07-04,2395.87,2391.79
2012-07-05,2380.73,2356.07
2012-07-06,2355.19,2380.7
2012-07-09,2364.39,2316.02
2012-07-10,2312.51,2310.77
2012-07-11,2307.27,2330.64
2012-07-12,2325.37,2353.33
2012-07-13,2345.3,2352.19
2012-07-16,2356.11,2317.42
2012-07-17,2312.4,2339.05
2012-07-18,2336.42,2348.46
2012-07-19,2341.02,2354.59
2012-07-20,2348.21,2328.55
2012-07-23,2312.59,2291.45
2012-07-24,2279.61,2297.45
2012-07-25,2290.72,2282.38
2012-07-26,2281.53,2273.68
2012-07-27,2281.42,2280.95
2012-07-30,2283.3,2270.86
2012-07-31,2272.97,2271.36
2012-08-01,2270.73,2293.2
2012-08-02,2285.67,2273.24
2012-08-03,2278.16,2290.91
2012-08-06,2288.93,2314.64
2012-08-07,2311.71,2313.22
2012-08-08,2316.63,2317.83
2012-08-09,2317.9,2330.75
2012-08-10,2333.27,2324.64
2012-08-13,2320.8,2279.05
2012-08-14,2279.91,2283.71
2012-08-15,2279.15,2254.08
2012-08-16,2250.97,2248.07
2012-08-17,2247.38,2249.5
2012-08-20,2232.68,2239.03
2012-08-21,2238.6,2247.25
2012-08-22,2248.35,2238.3
2012-08-23,2239.12,2242.05
2012-08-24,2234.48,2218.83
2012-08-27,2213.75,2172.27
2012-08-28,2173.17,2190.39
2012-08-29,2181.82,2169.64
2012-08-30,2158.33,2175.38
2012-08-31,2169.93,2168.27
2012-09-03,2164.45,2180.97
2012-09-04,2182.06,2156.7
2012-09-05,2151.93,2145.61
2012-09-06,2148.94,2159.03
2012-09-07,2173.19,2253.37
2012-09-10,2254.13,2260.05
2012-09-11,2250.46,2248.61
2012-09-12,2259.54,2254.18
2012-09-13,2252.82,2238.32
2012-09-14,2256.98,2257.25
2012-09-17,2252.9,2207.48
2012-09-18,2200.27,2185.8
2012-09-19,2186.14,2191.78
2012-09-20,2184.67,2147.6
2012-09-21,2143.57,2153.71
2012-09-24,2139.89,2164.3
2012-09-25,2159.97,2163.77
2012-09-26,2162.61,2143.02
2012-09-27,2144.36,2209.71
2012-09-28,2193.41,2242.93
2012-10-08,2240.6,2224.8
2012-10-09,2237.16,2268.59
2012-10-10,2264.28,2269.55
2012-10-11,2263.48,2247.98
2012-10-12,2256.22,2254.35
2012-10-15,2255.25,2249.71
2012-10-16,2248.39,2248.54
2012-10-17,2256.11,2255.42
2012-10-18,2261.24,2285.28
2012-10-19,2285.0,2276.18
2012-10-22,2267.23,2287.46
2012-10-23,2287.18,2260.24
2012-10-24,2252.32,2258.6
2012-10-25,2257.0,2241.5
2012-10-26,2242.7,2209.9
2012-10-29,2205.03,2197.64
2012-10-30,2198.28,2201.97
2012-10-31,2202.08,2213.34
2012-11-01,2214.41,2253.33
2012-11-02,2254.35,2266.62
2012-11-05,2264.01,2265.33
2012-11-06,2266.58,2257.55
2012-11-07,2254.31,2252.92
2012-11-08,2236.56,2211.83
2012-11-09,2208.06,2206.79
2012-11-12,2210.03,2219.91
2012-11-13,2219.76,2184.23
2012-11-14,2184.16,2195.24
2012-11-15,2183.73,2166.31
2012-11-16,2163.02,2152.7
2012-11-19,2151.98,2156.48
2012-11-20,2160.75,2144.27
2012-11-21,2145.28,2171.96
2012-11-22,2161.27,2156.54
2012-11-23,2165.33,2172.45
2012-11-26,2165.46,2158.84
2012-11-27,2152.66,2135.12
2012-11-28,2129.78,2121.6
2012-11-29,2122.29,2101.96
2012-11-30,2101.13,2122.62
2012-12-03,2120.41,2095.63
2012-12-04,2094.52,2116.31
2012-12-05,2115.72,2188.24
2012-12-06,2185.6,2188.37
2012-12-07,2190.13,2233.74
2012-12-10,2243.49,2254.46
2012-12-11,2246.81,2245.71
2012-12-12,2246.31,2252.04
2012-12-13,2244.96,2227.79
2012-12-14,2232.4,2341.72
2012-12-17,2347.03,2356.29
2012-12-18,2350.95,2359.99
2012-12-19,2358.01,2364.72
2012-12-20,2354.92,2375.14
2012-12-21,2378.0,2356.82
2012-12-24,2357.27,2371.53
2012-12-25,2365.25,2444.26
2012-12-26,2439.93,2448.07
2012-12-27,2454.91,2434.65
2012-12-28,2440.31,2480.31
2012-12-31,2484.25,2530.56
2013-01-04,2562.03,2533.88
2013-01-07,2528.33,2557.83
2013-01-08,2558.14,2539.62
2013-01-09,2529.15,2536.05
2013-01-10,2535.78,2539.1
2013-01-11,2540.87,2488.88
2013-01-14,2480.22,2589.42
2013-01-15,2588.22,2595.64
2013-01-16,2591.47,2563.55
2013-01-17,2557.37,2545.13
2013-01-18,2561.6,2585.71
2013-01-21,2592.66,2610.98
2013-01-22,2606.73,2604.44
2013-01-23,2594.02,2617.53
2013-01-24,2617.48,2602.12
2013-01-25,2602.79,2590.99
2013-01-28,2599.69,2691.19
2013-01-29,2693.77,2725.57
2013-01-30,2728.62,2737.06
2013-01-31,2739.28,2747.54
2013-02-01,2737.24,2827.14
2013-02-04,2834.99,2838.89
2013-02-05,2812.71,2846.05
2013-02-06,2844.58,2849.3
2013-02-07,2844.61,2802.76
2013-02-08,2795.34,2792.69
2013-02-18,2809.37,2770.0
2013-02-19,2767.61,2736.57
2013-02-20,2738.43,2736.21
2013-02-21,2709.35,2628.51
2013-02-22,2626.07,2600.31
2013-02-25,2614.17,2620.09
2013-02-26,2599.41,2588.94
2013-02-27,2597.24,2624.58
2013-02-28,2644.15,2712.25
2013-03-01,2711.2,2704.47
2013-03-04,2657.27,2575.15
2013-03-05,2578.84,2685.24
2013-03-06,2698.28,2712.17
2013-03-07,2699.8,2673.23
2013-03-08,2675.98,2667.83
2013-03-11,2662.69,2638.26
2013-03-12,2635.19,2592.09
2013-03-13,2589.0,2567.68
2013-03-14,2560.67,2577.33
2013-03-15,2577.46,2589.29
2013-03-18,2577.61,2555.56
2013-03-19,2559.59,2586.03
2013-03-20,2588.73,2680.1
2013-03-21,2680.63,2679.44
2013-03-22,2677.13,2680.53
2013-03-25,2693.08,2672.02
2013-03-26,2661.24,2620.31
2013-03-27,2622.37,2629.94
2013-03-28,2560.29,2519.02
2013-03-29,2520.43,2522.28
2013-04-01,2510.09,2515.21
2013-04-02,2519.15,2509.64
2013-04-03,2517.32,2515.17
2013-04-08,2469.39,2497.34
2013-04-09,2505.11,2512.94
2013-04-10,2511.97,2503.3
2013-04-11,2521.71,2500.0
2013-04-12,2499.17,2483.29
2013-04-15,2475.25,2461.53
2013-04-16,2447.14,2466.09
2013-04-17,2461.04,2446.4
2013-04-18,2424.42,2458.15
2013-04-19,2463.08,2546.2
2013-04-22,2533.73,2551.28
2013-04-23,2557.16,2474.72
2013-04-24,2478.97,2520.55
2013-04-25,2509.88,2496.1
2013-04-26,2505.54,2474.5
2013-05-02,2460.89,2481.07
2013-05-03,2489.56,2523.52
2013-05-06,2531.6,2549.82
2013-05-07,2543.66,2547.79
2013-05-08,2558.01,2553.75
2013-05-09,2554.9,2539.82
2013-05-10,2534.27,2554.39
2013-05-13,2555.81,2547.48
2013-05-14,2542.25,2522.44
2013-05-15,2523.26,2536.5
2013-05-16,2530.71,2574.46
2013-05-17,2571.5,2606.19
2013-05-20,2611.15,2629.8
2013-05-21,2624.59,2623.32
2013-05-22,2623.04,2625.85
2013-05-23,2611.0,2579.44
2013-05-24,2588.36,2589.42
2013-05-27,2586.91,2591.84
2013-05-28,2592.74,2639.61
2013-05-29,2644.16,2632.81
2013-05-30,2626.93,2632.26
2013-05-31,2636.28,2613.04
2013-06-03,2607.86,2603.85
2013-06-04,2600.58,2573.51
2013-06-05,2571.13,2557.73
2013-06-06,2549.86,2522.91
2013-06-07,2524.18,2489.33
2013-06-13,2448.16,2405.33
2013-06-14,2407.48,2413.09
2013-06-17,2419.3,2399.7
2013-06-18,2406.53,2406.49
2013-06-19,2396.19,2378.69
2013-06-20,2365.36,2300.6
2013-06-21,2263.58,2294.82
2013-06-24,2285.83,2147.48
2013-06-25,2121.97,2143.5
2013-06-26,2146.74,2126.25
2013-06-27,2129.69,2130.0
2013-06-28,2117.08,2182.98
2013-07-01,2170.54,2187.5
2013-07-02,2187.25,2188.53
2013-07-03,2172.3,2166.89
2013-07-04,2152.36,2178.01
2013-07-05,2179.61,2182.86
2013-07-08,2152.6,2127.63
2013-07-09,2125.65,2137.56
2013-07-10,2137.62,2186.99
2013-07-11,2201.49,2309.52
2013-07-12,2298.69,2250.82
2013-07-15,2265.45,2276.72
2013-07-16,2267.11,2282.26
2013-07-17,2275.74,2249.85
2013-07-18,2240.5,2206.85
2013-07-19,2209.67,2158.99
2013-07-22,2133.71,2163.49
2013-07-23,2170.47,2215.47
2013-07-24,2200.07,2196.64
2013-07-25,2206.72,2189.7
2013-07-26,2181.19,2179.26
2013-07-29,2159.91,2130.96
2013-07-30,2141.16,2154.58
2013-07-31,2171.72,2153.9
2013-08-01,2167.65,2198.35
2013-08-02,2214.67,2193.63
2013-08-05,2194.54,2215.02
2013-08-06,2204.99,2219.65
2013-08-07,2214.55,2205.55
2013-08-08,2199.08,2195.76
2013-08-09,2207.33,2200.1
2013-08-12,2210.22,2277.05
2013-08-13,2277.85,2291.72
2013-08-14,2296.4,2281.63
2013-08-15,2280.47,2261.88
2013-08-16,2253.76,2258.74
2013-08-19,2237.76,2282.08
2013-08-20,2276.6,2271.93
2013-08-21,2280.48,2264.84
2013-08-22,2257.25,2258.25
2013-08-23,2269.52,2235.38
2013-08-26,2242.33,2283.49
2013-08-27,2279.31,2287.42
2013-08-28,2272.14,2276.86
2013-08-29,2289.89,2270.21
2013-08-30,2268.2,2271.28
2013-09-02,2279.34,2278.92
2013-09-03,2286.9,2312.03
2013-09-04,2309.68,2313.87
2013-09-05,2318.28,2309.52
2013-09-06,2304.7,2334.44
2013-09-09,2360.59,2452.79
2013-09-10,2459.75,2486.61
2013-09-11,2492.68,2488.3
2013-09-12,2484.09,2529.42
2013-09-13,2515.59,2491.18
2013-09-16,2506.06,2479.95
2013-09-17,2489.76,2425.65
2013-09-18,2427.16,2428.38
2013-09-23,2436.73,2452.33
2013-09-24,2451.63,2406.8
2013-09-25,2405.39,2390.45
2013-09-26,2385.95,2347.96
2013-09-27,2344.64,2360.04
2013-09-30,2371.38,2368.54
2013-10-08,2360.65,2386.91
2013-10-09,2379.76,2398.35
2013-10-10,2401.01,2357.41
2013-10-11,2373.9,2405.47
2013-10-14,2407.67,2401.93
2013-10-15,2404.61,2389.82
2013-10-16,2383.75,2353.48
2013-10-17,2366.43,2349.47
2013-10-18,2351.15,2357.62
2013-10-21,2362.55,2393.2
2013-10-22,2390.75,2371.29
2013-10-23,2377.74,2358.86
2013-10-24,2352.98,2336.71
2013-10-25,2336.34,2322.35
2013-10-28,2329.43,2320.84
2013-10-29,2324.2,2346.5
2013-10-30,2346.1,2375.87
2013-10-31,2367.68,2343.25
2013-11-01,2349.85,2362.66
2013-11-04,2376.48,2354.87
2013-11-05,2341.5,2349.8
2013-11-06,2335.34,2321.5
2013-11-07,2321.64,2321.38
2013-11-08,2312.0,2293.03
2013-11-11,2293.08,2298.48
2013-11-12,2303.34,2321.29
2013-11-13,2302.96,2259.54
2013-11-14,2260.84,2257.9
2013-11-15,2260.95,2297.48
2013-11-18,2312.59,2387.37
2013-11-19,2386.98,2368.06
2013-11-20,2384.01,2376.08
2013-11-21,2363.71,2367.19
2013-11-22,2373.19,2359.4
2013-11-25,2346.22,2343.85
2013-11-26,2343.83,2340.9
2013-11-27,2340.13,2363.18
2013-11-28,2368.01,2381.88
2013-11-29,2389.31,2379.23
2013-12-02,2379.57,2403.25
2013-12-03,2394.99,2409.97
2013-12-04,2406.24,2431.09
2013-12-05,2431.02,2423.7
2013-12-06,2419.66,2409.67
2013-12-09,2414.38,2403.98
2013-12-10,2409.66,2408.32
2013-12-11,2397.72,2364.87
2013-12-12,2358.97,2356.75
2013-12-13,2338.51,2345.69
2013-12-16,2347.47,2324.41
2013-12-17,2323.79,2311.25
2013-12-18,2311.01,2309.8
2013-12-19,2316.51,2290.56
2013-12-20,2291.26,2249.01
2013-12-23,2254.14,2250.55
2013-12-24,2256.95,2259.25
2013-12-25,2261.15,2273.16
2013-12-26,2268.4,2227.46
2013-12-27,2228.18,2263.49
2013-12-30,2273.56,2254.5
2013-12-31,2245.01,2273.68
2014-01-02,2267.85,2270.2
2014-01-03,2260.7,2241.65
2014-01-06,2240.67,2189.62
2014-01-07,2177.76,2190.44
2014-01-08,2191.88,2183.66
2014-01-09,2178.39,2159.87
2014-01-10,2153.34,2139.32
2014-01-13,2139.94,2135.31
2014-01-14,2135.43,2163.46
2014-01-15,2161.52,2159.0
2014-01-16,2159.37,2166.07
2014-01-17,2159.14,2144.96
2014-01-20,2141.09,2134.88
2014-01-21,2136.63,2155.97
2014-01-22,2159.01,2205.19
2014-01-23,2204.01,2197.73
2014-01-24,2196.19,2215.62
2014-01-27,2207.38,2196.81
2014-01-28,2199.34,2205.04
2014-01-29,2210.15,2226.97
2014-01-30,2221.76,2208.28
2014-02-07,2199.11,2231.44
2014-02-10,2237.88,2293.5
2014-02-11,2296.89,2309.5
2014-02-12,2311.0,2322.9
2014-02-13,2321.03,2306.39
2014-02-14,2305.83,2331.39
2014-02-17,2343.9,2363.46
2014-02-18,2364.81,2359.61
2014-02-19,2362.07,2375.03
2014-02-20,2382.7,2367.49
2014-02-21,2363.84,2338.2
2014-02-24,2325.63,2308.62
2014-02-25,2309.68,2244.06
2014-02-26,2235.05,2255.98
2014-02-27,2256.98,2259.42
2014-02-28,2253.18,2276.91
2014-03-03,2275.31,2306.77
2014-03-04,2294.21,2293.36
2014-03-05,2294.14,2277.64
2014-03-06,2272.14,2276.16
2014-03-07,2275.93,2266.78
2014-03-10,2248.93,2183.05
2014-03-11,2176.76,2186.9
2014-03-12,2187.68,2199.33
2014-03-13,2204.77,2236.44
2014-03-14,2231.01,2227.85
2014-03-17,2229.34,2260.83
2014-03-18,2263.95,2272.47
2014-03-19,2265.21,2262.61
2014-03-20,2258.37,2216.31
2014-03-21,2207.15,2269.93
2014-03-24,2273.79,2289.06
2014-03-25,2287.94,2293.29
2014-03-26,2301.35,2297.36
2014-03-27,2290.89,2267.34
2014-03-28,2266.68,2245.66
2014-03-31,2247.48,2244.32
2014-04-01,2240.95,2276.69
2014-04-02,2280.96,2295.76
2014-04-03,2298.33,2267.89
2014-04-04,2260.66,2282.76
2014-04-08,2275.38,2317.36
2014-04-09,2321.92,2327.57
2014-04-10,2328.21,2356.33
2014-04-11,2347.63,2355.59
2014-04-14,2352.87,2363.55
2014-04-15,2356.02,2321.47
2014-04-16,2315.62,2321.45
2014-04-17,2324.78,2315.49
2014-04-18,2308.45,2315.23
2014-04-21,2298.52,2274.79
2014-04-22,2272.06,2272.02
2014-04-23,2265.23,2259.77
2014-04-24,2257.78,2253.87
2014-04-25,2253.59,2220.52
2014-04-28,2214.95,2179.49
2014-04-29,2177.18,2204.48
2014-04-30,2205.53,2215.1
2014-05-05,2212.14,2219.36
2014-05-06,2215.63,2223.85
2014-05-07,2219.13,2196.71
2014-05-08,2191.53,2195.76
2014-05-09,2196.29,2185.54
2014-05-12,2201.44,2243.14
2014-05-13,2248.47,2239.21
2014-05-14,2236.47,2235.18
2014-05-15,2229.79,2201.86
2014-05-16,2196.89,2196.81
2014-05-19,2191.13,2174.46
2014-05-20,2181.83,2174.07
2014-05-21,2165.52,2193.59
2014-05-22,2191.7,2185.12
2014-05-23,2178.74,2198.75
2014-05-26,2209.32,2218.11
2014-05-27,2216.45,2210.85
2014-05-28,2208.9,2225.1
2014-05-29,2225.09,2205.06
2014-05-30,2203.45,2204.89
2014-06-03,2204.28,2198.36
2014-06-04,2196.2,2175.24
2014-06-05,2172.19,2194.35
2014-06-06,2193.89,2181.37
2014-06-09,2174.57,2174.48
2014-06-10,2177.2,2201.63
2014-06-11,2199.16,2209.18
2014-06-12,2205.82,2198.45
2014-06-13,2194.45,2226.23
2014-06-16,2229.58,2248.84
2014-06-17,2245.58,2230.04
2014-06-18,2224.86,2208.66
2014-06-19,2208.85,2163.07
2014-06-20,2160.33,2180.25
2014-06-23,2179.32,2179.51
2014-06-24,2175.92,2189.65
2014-06-25,2186.08,2182.07
2014-06-26,2183.64,2202.67
2014-06-27,2197.18,2212.92
2014-06-30,2219.86,2232.08
2014-07-01,2233.19,2238.46
2014-07-02,2237.19,2258.17
2014-07-03,2256.12,2275.2
2014-07-04,2275.9,2267.22
2014-07-07,2264.93,2266.72
2014-07-08,2265.88,2277.43
2014-07-09,2271.66,2243.19
2014-07-10,2241.78,2238.56
2014-07-11,2232.09,2247.16
2014-07-14,2247.91,2284.32
2014-07-15,2283.55,2288.45
2014-07-16,2286.79,2278.06
2014-07-17,2273.06,2264.92
2014-07-18,2255.06,2272.45
2014-07-21,2271.39,2265.66
2014-07-22,2264.84,2305.31
2014-07-23,2306.47,2304.73
2014-07-24,2310.45,2331.59
2014-07-25,2335.4,2358.1
2014-07-28,2369.38,2409.37
2014-07-29,2416.11,2433.99
2014-07-30,2423.58,2423.9
2014-07-31,2419.49,2450.5
2014-08-01,2440.7,2432.27
2014-08-04,2435.48,2471.8
2014-08-05,2472.25,2471.4
2014-08-06,2462.14,2478.58
2014-08-07,2477.42,2447.29
2014-08-08,2444.41,2452.53
2014-08-11,2455.19,2495.59
2014-08-12,2494.06,2498.14
2014-08-13,2499.32,2503.21
2014-08-14,2501.06,2483.61
2014-08-15,2480.64,2501.63
2014-08-18,2502.97,2520.74
2014-08-19,2523.69,2520.11
2014-08-20,2512.55,2505.37
2014-08-21,2505.35,2484.31
2014-08-22,2481.62,2494.78
2014-08-25,2494.17,2477.73
2014-08-26,2472.83,2453.83
2014-08-27,2451.58,2455.42
2014-08-28,2455.61,2431.74
2014-08-29,2434.0,2462.89
2014-09-01,2464.21,2489.37
2014-09-02,2493.0,2522.32
2014-09-03,2526.78,2541.32
2014-09-04,2540.64,2557.47
2014-09-05,2563.02,2576.95
2014-09-09,2581.67,2584.56
2014-09-10,2577.54,2576.88
2014-09-11,2575.21,2568.82
2014-09-12,2564.07,2585.52
2014-09-15,2585.06,2598.57
2014-09-16,2597.37,2542.44
2014-09-17,2541.67,2550.39
2014-09-18,2548.32,2563.51
2014-09-19,2563.08,2583.85
2014-09-22,2577.49,2544.38
2014-09-23,2543.97,2565.65
2014-09-24,2559.65,2603.93
2014-09-25,2611.23,2602.48
2014-09-26,2596.76,2605.59
2014-09-29,2611.6,2626.36
2014-09-30,2629.76,2629.08
2014-10-08,2635.47,2648.56
2014-10-09,2649.47,2660.51
2014-10-10,2653.56,2644.9
2014-10-13,2632.46,2631.66
2014-10-14,2626.15,2623.58
2014-10-15,2622.24,2641.37
2014-10-16,2628.29,2616.31
2014-10-17,2610.79,2597.97
2014-10-20,2602.4,2620.93
2014-10-21,2621.27,2598.18
2014-10-22,2597.79,2576.21
2014-10-23,2572.12,2546.07
2014-10-24,2546.89,2547.77
2014-10-27,2541.79,2541.56
2014-10-28,2546.79,2599.27
2014-10-29,2604.58,2645.35
2014-10-30,2641.68,2668.81
2014-10-31,2669.26,2691.59
2014-11-03,2699.23,2714.2
2014-11-04,2714.38,2712.74
2014-11-05,2717.03,2705.87
2014-11-06,2707.11,2720.47
2014-11-07,2721.47,2707.88
2014-11-10,2722.73,2768.25
2014-11-11,2773.2,2725.34
2014-11-12,2711.77,2768.28
2014-11-13,2768.78,2753.06
2014-11-14,2743.67,2741.09
2014-11-17,2769.06,2748.56
2014-11-18,2749.81,2736.91
2014-11-19,2732.1,2725.61
2014-11-20,2717.94,2726.81
2014-11-21,2725.74,2763.07
2014-11-24,2787.22,2810.73
2014-11-25,2812.61,2860.05
2014-11-26,2866.48,2879.97
2014-11-27,2889.84,2889.64
2014-11-28,2886.34,2923.64
2014-12-01,2932.0,2935.2
2014-12-02,2924.32,2999.53
2014-12-03,3005.47,3032.12
2014-12-04,3040.75,3133.92
2014-12-05,3154.3,3109.27
2014-12-08,3085.17,3188.33
2014-12-09,3173.7,3069.59
2014-12-10,3075.4,3199.79
2014-12-11,3188.21,3225.46
2014-12-12,3233.1,3241.77
2014-12-15,3241.01,3268.46
2014-12-16,3271.12,3318.86
2014-12-17,3329.52,3346.58
2014-12-18,3353.2,3348.44
2014-12-19,3349.23,3423.91
2014-12-22,3452.9,3439.21
2014-12-23,3401.58,3330.99
2014-12-24,3332.25,3275.2
2014-12-25,3294.64,3373.73
2014-12-26,3379.13,3433.28
2014-12-29,3460.29,3419.23
2014-12-30,3413.06,3383.05
2014-12-31,3387.77,3448.8
2015-01-05,3470.71,3582.31
2015-01-06,3559.17,3605.6
2015-01-07,3580.71,3596.05
2015-01-08,3593.23,3517.6
2015-01-09,3501.57,3499.42
2015-01-12,3468.42,3423.42
2015-01-13,3413.55,3451.44
2015-01-14,3455.95,3442.53
2015-01-15,3441.94,3532.47
2015-01-16,3538.52,3559.57
2015-01-19,3391.79,3294.75
2015-01-20,3302.48,3372.58
2015-01-21,3387.58,3493.49
2015-01-22,3494.1,3517.13
2015-01-23,3526.59,3502.09
2015-01-26,3499.78,3555.09
2015-01-27,3556.92,3550.81
2015-01-28,3528.86,3519.71
2015-01-29,3479.59,3497.69
2015-01-30,3502.25,3452.85
2015-02-02,3393.79,3373.15
2015-02-03,3394.11,3430.6
2015-02-04,3438.38,3406.78
2015-02-05,3469.67,3358.18
2015-02-06,3343.79,3280.88
2015-02-09,3271.13,3281.78
2015-02-10,3282.67,3342.44
2015-02-11,3346.26,3358.0
2015-02-12,3359.25,3365.3
2015-02-13,3380.0,3408.9
2015-02-16,3410.18,3435.29
2015-02-17,3441.98,3459.16
2015-02-25,3466.39,3449.99
2015-02-26,3447.74,3518.72
2015-02-27,3517.16,3522.47
2015-03-02,3550.11,3567.61
2015-03-03,3555.63,3514.88
2015-03-04,3514.57,3544.69
2015-03-05,3539.81,3520.05
2015-03-06,3518.64,3513.85
2015-03-09,3501.36,3581.55
2015-03-10,3567.98,3582.02
2015-03-11,3581.79,3593.49
2015-03-12,3617.44,3640.54
2015-03-13,3647.03,3669.45
2015-03-16,3687.36,3746.28
2015-03-17,3768.26,3804.43
2015-03-18,3828.31,3904.78
2015-03-19,3924.26,3926.79
2015-03-20,3928.87,3958.92
2015-03-23,3979.76,4040.16
2015-03-24,4044.64,4060.45
2015-03-25,4052.09,4050.85
2015-03-26,4031.07,4057.97
2015-03-27,4062.27,4095.96
2015-03-30,4116.3,4198.23
2015-03-31,4230.59,4167.37
2015-04-01,4167.12,4250.0
2015-04-02,4276.31,4326.28
2015-04-03,4319.73,4419.57
2015-04-07,4470.88,4556.68
2015-04-08,4578.84,4589.57
2015-04-09,4591.97,4553.79
2015-04-10,4548.9,4676.6
2015-04-13,4717.29,4779.3
2015-04-14,4775.8,4805.15
2015-04-15,4799.69,4687.28
2015-04-16,4632.48,4793.88
2015-04-17,4835.41,4842.85
2015-04-20,4833.82,4738.44
2015-04-21,4715.84,4832.08
2015-04-22,4845.73,4971.09
2015-04-23,4992.86,4990.34
2015-04-24,4917.1,4935.64
2015-04-27,4963.27,5014.77
2015-04-28,5020.99,4910.57
2015-04-29,4885.9,4948.89
2015-04-30,4960.25,4955.86
2015-05-04,4957.75,5038.73
2015-05-05,5043.26,4824.97
2015-05-06,4829.93,4723.29
2015-05-07,4695.3,4591.62
2015-05-08,4634.55,4712.64
2015-05-11,4754.19,4885.75
2015-05-12,4892.4,4963.81
2015-05-13,4966.71,4945.74
2015-05-14,4949.68,4958.94
2015-05-15,4955.41,4880.27
2015-05-18,4849.94,4881.53
2015-05-19,4897.71,5030.69
2015-05-20,5054.68,5099.42
2015-05-21,5111.2,5260.28
2015-05-22,5329.63,5385.92
2015-05-25,5380.86,5556.78
2015-05-26,5603.59,5680.53
2015-05-27,5677.69,5696.36
2015-05-28,5684.37,5355.66
2015-05-29,5335.98,5369.28
2015-06-01,5413.56,5674.2
2015-06-02,5727.41,5846.39
2015-06-03,5882.08,5863.53
2015-06-04,5878.13,5906.89
2015-06-05,6001.52,6018.42
2015-06-08,6068.75,6124.15
2015-06-09,6132.83,6085.04
2015-06-10,6011.95,6089.13
2015-06-11,6081.02,6113.09
2015-06-12,6142.36,6226.62
2015-06-15,6240.65,6149.73
2015-06-16,6090.76,5880.95
2015-06-17,5892.43,6030.06
2015-06-18,6011.38,5884.32
2015-06-19,5724.2,5478.31
2015-06-23,5444.16,5524.29
2015-06-24,5573.87,5674.47
2015-06-25,5698.91,5482.02
2015-06-26,5323.24,5056.83
2015-06-29,5188.37,4864.34
2015-06-30,4803.44,5118.2
2015-07-01,5054.84,4829.26
2015-07-02,4826.55,4579.49
2015-07-03,4416.63,4274.74
2015-07-06,4599.99,4330.59
2015-07-07,4188.57,4179.85
2015-07-08,3882.92,3971.31
2015-07-09,3891.88,4232.98
2015-07-10,4307.22,4482.91
2015-07-13,4583.57,4679.81
2015-07-14,4677.54,4631.63
2015-07-15,4567.47,4408.95
2015-07-16,4364.77,4441.68
2015-07-17,4457.13,4623.91
2015-07-20,4621.49,4646.22
2015-07-21,4587.03,4692.0
2015-07-22,4670.3,4710.57
2015-07-23,4703.36,4817.91
2015-07-24,4817.84,4725.45
2015-07-27,4617.25,4331.51
2015-07-28,4173.34,4281.75
2015-07-29,4314.29,4466.39
2015-07-30,4452.02,4346.52
2015-07-31,4287.25,4346.63
2015-08-03,4292.86,4374.04
2015-08-04,4368.25,4534.82
2015-08-05,4518.62,4485.83
2015-08-06,4410.91,4456.46
2015-08-07,4485.83,4556.83
2015-08-10,4588.67,4767.98
2015-08-11,4760.03,4781.97
2015-08-12,4717.49,4710.59
2015-08-13,4688.13,4826.28
2015-08-14,4842.19,4811.52
2015-08-17,4799.76,4882.9
2015-08-18,4887.79,4527.85
2015-08-19,4400.31,4601.64
2015-08-20,4547.36,4438.65
2015-08-21,4369.18,4199.15
2015-08-24,4029.02,3836.11
2015-08-25,3558.59,3520.75
2015-08-26,3538.65,3476.71
2015-08-27,3529.13,3649.97
2015-08-28,3711.63,3851.77
2015-08-31,3809.79,3784.07
2015-09-01,3713.01,3680.82
2015-09-02,3506.4,3685.15
2015-09-07,3684.65,3608.92
2015-09-08,3581.9,3731.15
2015-09-09,3743.95,3818.83
2015-09-10,3760.7,3758.22
2015-09-11,3753.59,3767.51
2015-09-14,3795.92,3603.19
2015-09-15,3511.63,3432.07
2015-09-16,3436.19,3641.68
2015-09-17,3623.23,3556.74
2015-09-18,3583.96,3588.56
2015-09-21,3554.02,3668.09
2015-09-22,3678.05,3695.39
2015-09-23,3637.2,3625.72
2015-09-24,3639.87,3663.57
2015-09-25,3651.97,3595.04
2015-09-28,3597.59,3638.05
2015-09-29,3587.3,3576.0
2015-09-30,3605.45,3591.53
2015-10-08,3705.79,3708.49
2015-10-09,3707.02,3742.89
2015-10-12,3758.56,3882.21
2015-10-13,3848.91,3896.91
2015-10-14,3870.72,3830.14
2015-10-15,3816.32,3939.18
2015-10-16,3972.75,4008.53
2015-10-19,4031.26,4042.38
2015-10-20,4035.98,4086.98
2015-10-21,4084.99,3891.04
2015-10-22,3868.2,3969.13
2015-10-23,3985.96,4047.31
2015-10-26,4099.7,4074.16
2015-10-27,4066.23,4088.06
2015-10-28,4070.82,4020.22
2015-10-29,4035.13,4035.47
2015-10-30,4026.1,4016.33
2015-11-02,3945.85,3942.02
2015-11-03,3942.63,3923.94
2015-11-04,3938.25,4101.78
2015-11-05,4105.25,4165.04
2015-11-06,4154.02,4244.15
2015-11-09,4241.26,4303.97
2015-11-10,4275.35,4309.28
2015-11-11,4313.77,4331.56
2015-11-12,4331.99,4297.4
2015-11-13,4261.57,4256.18
2015-11-16,4186.8,4311.12
2015-11-17,4348.54,4308.75
2015-11-18,4305.59,4259.6
2015-11-19,4267.92,4332.19
2015-11-20,4338.92,4360.78
2015-11-23,4371.68,4356.68
2015-11-24,4353.41,4371.35
2015-11-25,4364.65,4432.57
2015-11-26,4454.7,4409.7
2015-11-27,4383.65,4183.04
2015-11-30,4182.14,4232.35
2015-12-01,4229.63,4237.51
2015-12-02,4214.74,4312.53
2015-12-03,4308.38,4369.73
2015-12-04,4345.32,4305.06
2015-12-07,4308.28,4323.67
2015-12-08,4300.56,4232.06
2015-12-09,4213.58,4253.75
2015-12-10,4261.02,4245.7
2015-12-11,4232.82,4205.23
2015-12-14,4172.5,4299.71
2015-12-15,4296.42,4295.22
2015-12-16,4304.76,4287.3
2015-12-17,4306.95,4380.81
2015-12-18,4374.74,4377.74
2015-12-21,4366.51,4497.0
2015-12-22,4509.87,4520.01
2015-12-23,4520.92,4513.84
2015-12-24,4502.92,4457.31
2015-12-25,4462.53,4478.34
2015-12-28,4489.28,4367.53
2015-12-29,4364.55,4410.33
2015-12-30,4413.78,4417.87
2015-12-31,4416.64,4375.17
2016-01-04,4368.3,4065.48
2016-01-05,3966.6,4079.85
2016-01-06,4084.16,4181.09
2016-01-07,4119.5,3889.61
2016-01-08,3992.29,3984.16
2016-01-11,3918.73,3758.8
2016-01-12,3769.8,3757.79
2016-01-13,3779.86,3686.24
2016-01-14,3607.31,3763.71
2016-01-15,3739.73,3627.11
2016-01-18,3569.08,3637.35
2016-01-19,3637.36,3752.64
2016-01-20,3735.9,3707.21
2016-01-21,3656.15,3600.07
2016-01-22,3636.79,3640.39
2016-01-25,3659.95,3665.44
2016-01-26,3636.09,3437.77
2016-01-27,3455.52,3419.93
2016-01-28,3390.43,3330.71
2016-01-29,3328.26,3430.87
2016-02-01,3423.94,3388.88
2016-02-02,3390.33,3461.02
2016-02-03,3426.37,3447.94
2016-02-04,3456.09,3487.77
2016-02-05,3490.92,3476.32
2016-02-15,3381.99,3453.89
2016-02-16,3467.47,3556.87
2016-02-17,3550.23,3592.92
2016-02-18,3610.05,3593.35
2016-02-19,3585.61,3594.2
2016-02-22,3631.81,3675.17
2016-02-23,3678.92,3649.7
2016-02-24,3629.84,3675.67
2016-02-25,3668.3,3447.18
2016-02-26,3478.17,3483.46
2016-02-29,3475.51,3395.02
2016-03-01,3400.83,3462.3
2016-03-02,3466.08,3618.93
2016-03-03,3615.01,3622.67
2016-03-04,3609.16,3629.48
2016-03-07,3649.64,3667.6
2016-03-08,3669.61,3664.49
2016-03-09,3596.67,3610.14
2016-03-10,3598.36,3559.59
2016-03-11,3532.42,3558.54
2016-03-14,3583.67,3621.37
2016-03-15,3614.98,3626.73
2016-03-16,3620.65,3636.61
2016-03-17,3641.54,3681.23
2016-03-18,3689.24,3738.71
2016-03-21,3760.82,3797.98
2016-03-22,3778.08,3782.14
2016-03-23,3773.5,3780.23
2016-03-24,3759.69,3727.64
2016-03-25,3724.99,3755.71
2016-03-28,3766.4,3742.04
2016-03-29,3740.51,3702.02
2016-03-30,3729.01,3789.71
2016-03-31,3801.88,3793.31
2016-04-01,3784.52,3796.8
2016-04-05,3788.47,3857.54
2016-04-06,3848.64,3856.49
2016-04-07,3865.01,3800.11
2016-04-08,3778.44,3774.3
2016-04-11,3797.2,3831.98
2016-04-12,3829.02,3816.39
2016-04-13,3836.25,3868.99
2016-04-14,3884.7,3882.55
2016-04-15,3885.31,3872.15
2016-04-18,3856.29,3831.48
2016-04-19,3846.7,3840.95
2016-04-20,3850.46,3754.13
2016-04-21,3735.88,3736.36
2016-04-22,3716.21,3755.87
2016-04-25,3742.83,3758.97
2016-04-26,3756.09,3778.83
2016-04-27,3780.69,3764.98
2016-04-28,3765.16,3757.62
2016-04-29,3744.93,3751.26
2016-05-03,3753.64,3817.76
2016-05-04,3806.42,3805.69
2016-05-05,3800.79,3807.25
2016-05-06,3805.02,3702.3
2016-05-09,3690.32,3613.31
2016-05-10,3605.16,3624.84
2016-05-11,3638.3,3645.76
2016-05-12,3616.42,3650.12
2016-05-13,3641.71,3642.23
2016-05-16,3629.26,3665.3
2016-05-17,3669.51,3648.9
2016-05-18,3631.24,3599.62
2016-05-19,3590.33,3596.54
2016-05-20,3579.32,3610.31
2016-05-23,3609.07,3628.12
2016-05-24,3624.73,3598.55
2016-05-25,3612.2,3600.11
2016-05-26,3599.47,3607.81
2016-05-27,3603.36,3617.15
2016-05-30,3611.35,3617.97
2016-05-31,3621.19,3720.26
2016-06-01,3721.4,3718.37
2016-06-02,3716.45,3726.49
2016-06-03,3727.41,3744.39
2016-06-06,3746.0,3744.23
2016-06-07,3742.09,3736.48
2016-06-08,3726.94,3711.11
2016-06-13,3680.47,3606.91
2016-06-14,3598.15,3616.09
2016-06-15,3586.94,3667.38
2016-06-16,3655.73,3647.14
2016-06-17,3653.19,3675.94
2016-06-20,3676.47,3676.93
2016-06-21,3686.74,3666.45
2016-06-22,3660.79,3697.82
2016-06-23,3687.31,3673.01
2016-06-24,3662.79,3622.3
2016-06-27,3606.81,3671.12
2016-06-28,3656.42,3691.74
2016-06-29,3697.8,3703.2
2016-06-30,3702.49,3703.5
2016-07-01,3706.88,3706.91
2016-07-04,3689.02,3761.78
2016-07-05,3758.58,3767.15
2016-07-06,3756.06,3779.89
2016-07-07,3763.87,3761.17
2016-07-08,3742.48,3732.62
2016-07-11,3740.23,3743.67
2016-07-12,3742.39,3829.65
2016-07-13,3825.94,3841.24
2016-07-14,3835.72,3824.85
2016-07-15,3827.82,3831.73
2016-07-18,3826.29,3837.38
2016-07-19,3831.99,3816.88
2016-07-20,3814.6,3805.19
2016-07-21,3805.13,3826.64
2016-07-22,3822.58,3784.73
2016-07-25,3780.64,3799.63
2016-07-26,3794.86,3850.93
2016-07-27,3850.39,3795.18
2016-07-28,3781.56,3844.06
2016-07-29,3835.72,3840.53
2016-08-01,3832.06,3806.07
2016-08-02,3797.45,3820.77
2016-08-03,3808.54,3830.02
2016-08-04,3827.57,3837.96
2016-08-05,3838.94,3840.74
2016-08-08,3835.54,3880.96
2016-08-09,3879.31,3905.85
2016-08-10,3905.36,3888.14
2016-08-11,3883.19,3872.53
2016-08-12,3871.41,3946.2
2016-08-15,3958.06,4043.63
2016-08-16,4057.88,4026.59
2016-08-17,4022.59,4026.45
2016-08-18,4020.18,4017.65
2016-08-19,4012.86,4022.52
2016-08-22,4018.7,3997.93
2016-08-23,3990.12,4000.9
2016-08-24,4001.38,3989.04
2016-08-25,3974.46,3969.47
2016-08-26,3970.04,3962.14
2016-08-29,3957.48,3961.38
2016-08-30,3962.01,3969.12
2016-08-31,3965.54,3986.49
2016-09-01,3985.76,3951.59
2016-09-02,3954.32,3960.57
2016-09-05,3969.5,3976.52
2016-09-06,3983.11,4009.48
2016-09-07,4008.93,4012.75
2016-09-08,4009.63,4018.29
2016-09-09,4016.35,3984.96
2016-09-12,3936.1,3912.03
2016-09-13,3916.85,3918.39
2016-09-14,3900.42,3880.15
2016-09-19,3884.69,3919.3
2016-09-20,3919.35,3923.16
2016-09-21,3919.75,3926.53
2016-09-22,3941.66,3962.79
2016-09-23,3966.54,3944.34
2016-09-26,3934.28,3883.81
2016-09-27,3878.9,3907.89
2016-09-28,3914.11,3901.61
2016-09-29,3903.95,3914.99
2016-09-30,3909.81,3925.2
2016-10-10,3940.99,3977.03
2016-10-11,3977.02,3987.3
2016-10-12,3977.71,3978.85
2016-10-13,3978.26,3989.81
2016-10-14,3984.53,3990.18
2016-10-17,3992.22,3961.75
2016-10-18,3960.43,4014.97
2016-10-19,4017.04,4007.94
2016-10-20,4007.98,4012.68
2016-10-21,4012.2,4031.25
2016-10-24,4034.31,4070.31
2016-10-25,4071.84,4086.01
2016-10-26,4080.9,4058.09
2016-10-27,4053.17,4052.55
2016-10-28,4048.5,4028.79
2016-10-31,4023.45,4031.49
2016-11-01,4033.72,4058.22
2016-11-02,4048.85,4020.4
2016-11-03,4012.2,4048.25
2016-11-04,4048.06,4034.31
2016-11-07,4033.93,4042.0
2016-11-08,4051.6,4062.19
2016-11-09,4061.91,4040.18
2016-11-10,4060.75,4092.1
2016-11-11,4088.71,4111.7
2016-11-14,4104.01,4113.85
2016-11-15,4114.14,4116.47
2016-11-16,4115.69,4113.78
2016-11-17,4107.88,4132.84
2016-11-18,4138.89,4121.28
2016-11-21,4117.09,4153.44
2016-11-22,4151.34,4178.86
2016-11-23,4184.26,4193.84
2016-11-24,4188.67,4217.78
2016-11-25,4216.97,4254.82
2016-11-28,4266.21,4279.07
2016-11-29,4271.27,4297.09
2016-11-30,4288.63,4250.25
2016-12-01,4261.12,4292.49
2016-12-02,4290.0,4247.61
2016-12-05,4189.71,4181.43
2016-12-06,4178.98,4175.43
2016-12-07,4173.9,4196.03
2016-12-08,4201.55,4193.68
2016-12-09,4189.04,4230.1
2016-12-12,4229.67,4126.78
2016-12-13,4113.25,4120.14
2016-12-14,4115.48,4089.39
2016-12-15,4074.29,4044.91
2016-12-16,4041.46,4055.28
2016-12-19,4052.41,4051.58
2016-12-20,4046.48,4025.67
2016-12-21,4029.19,4065.09
2016-12-22,4062.89,4072.16
2016-12-23,4068.41,4028.85
2016-12-26,4015.88,4040.77
2016-12-27,4037.21,4043.08
2016-12-28,4042.35,4026.91
2016-12-29,4022.37,4021.23
2016-12-30,4025.65,4040.73
2017-01-03,4045.25,4081.8
2017-01-04,4080.01,4115.53
2017-01-05,4116.21,4120.05
2017-01-06,4117.58,4102.33
2017-01-09,4101.79,4125.82
2017-01-10,4123.4,4114.38
2017-01-11,4110.24,4082.06
2017-01-12,4079.76,4057.21
2017-01-13,4055.25,4059.99
2017-01-16,4053.86,4063.01
2017-01-17,4045.52,4071.58
2017-01-18,4068.85,4096.88
2017-01-19,4088.98,4087.67
2017-01-20,4084.25,4123.69
2017-01-23,4127.17,4128.52
2017-01-24,4125.11,4144.2
2017-01-25,4139.85,4150.07
2017-01-26,4152.06,4157.87
2017-02-03,4158.86,4131.77
2017-02-06,4135.87,4144.05
2017-02-07,4140.97,4146.86
2017-02-08,4141.15,4161.75
2017-02-09,4161.04,4179.77
2017-02-10,4181.64,4206.29
2017-02-13,4209.97,4237.66
2017-02-14,4238.74,4228.75
2017-02-15,4229.14,4225.67
2017-02-16,4224.74,4248.34
2017-02-17,4250.95,4218.56
2017-02-20,4219.16,4293.09
2017-02-21,4295.96,4300.01
2017-02-22,4298.57,4324.54
2017-02-23,4322.01,4302.67
2017-02-24,4296.99,4296.51
2017-02-27,4295.57,4256.86
2017-02-28,4256.9,4275.43
2017-03-01,4275.65,4278.95
2017-03-02,4281.76,4257.55
2017-03-03,4247.94,4259.2
2017-03-06,4257.46,4280.97
2017-03-07,4277.27,4285.91
2017-03-08,4282.93,4274.55
2017-03-09,4267.53,4240.96
2017-03-10,4236.56,4244.69
2017-03-13,4240.34,4285.47
2017-03-14,4283.33,4283.67
2017-03-15,4278.99,4298.08
2017-03-16,4304.08,4314.32
2017-03-17,4316.63,4268.78
2017-03-20,4279.34,4289.3
2017-03-21,4290.77,4331.33
2017-03-22,4308.79,4307.38
2017-03-23,4309.88,4316.12
2017-03-24,4315.57,4354.31
2017-03-27,4357.99,4341.29
2017-03-28,4340.98,4326.36
2017-03-29,4328.56,4319.62
2017-03-30,4315.85,4290.82
2017-03-31,4287.76,4323.96
2017-04-05,4352.99,4382.42
2017-04-06,4387.23,4400.05
2017-04-07,4394.89,4407.75
2017-04-10,4412.73,4405.85
2017-04-11,4410.51,4421.57
2017-04-12,4419.54,4423.27
2017-04-13,4410.43,4450.62
2017-04-14,4450.52,4397.73
2017-04-17,4379.33,4375.88
2017-04-18,4367.91,4365.36
2017-04-19,4349.94,4347.31
2017-04-20,4344.81,4366.19
2017-04-21,4361.49,4369.35
2017-04-24,4356.83,4315.19
2017-04-25,4313.36,4335.38
2017-04-26,4331.91,4339.48
2017-04-27,4325.19,4329.63
2017-04-28,4311.9,4302.84
2017-05-02,4284.96,4281.13
2017-05-03,4270.17,4254.32
2017-05-04,4245.63,4251.87
2017-05-05,4233.91,4229.1
2017-05-08,4213.71,4194.24
2017-05-09,4178.26,4192.62
2017-05-10,4189.67,4147.82
2017-05-11,4126.48,4170.48
2017-05-12,4162.4,4202.12
2017-05-15,4203.76,4228.94
2017-05-16,4218.27,4278.08
2017-05-17,4273.76,4265.53
2017-05-18,4235.26,4245.37
2017-05-19,4238.84,4261.37
2017-05-22,4255.04,4248.44
2017-05-23,4240.43,4259.54
2017-05-24,4242.67,4266.98
2017-05-25,4254.49,4325.16
2017-05-26,4315.68,4331.28
2017-05-31,4350.2,4338.31
2017-06-01,4325.18,4330.89
2017-06-02,4324.04,4338.47
2017-06-05,4333.04,4316.5
2017-06-06,4308.95,4338.88
2017-06-07,4336.49,4397.44
2017-06-08,4395.27,4437.77
2017-06-09,4433.58,4450.95
2017-06-12,4442.58,4462.27
2017-06-13,4458.94,4477.02
2017-06-14,4458.48,4413.18
2017-06-15,4402.82,4391.99
2017-06-16,4377.19,4362.86
2017-06-19,4361.85,4393.38
2017-06-20,4399.45,4387.9
2017-06-21,4404.65,4439.06
2017-06-22,4439.19,4438.04
2017-06-23,4427.19,4475.03
2017-06-26,4476.92,4525.73
2017-06-27,4522.38,4534.92
2017-06-28,4523.8,4510.0
2017-06-29,4509.63,4525.37
2017-06-30,4505.16,4527.24
2017-07-03,4529.38,4518.92
2017-07-04,4514.15,4483.8
2017-07-05,4469.27,4514.1
2017-07-06,4511.68,4515.58
2017-07-07,4504.77,4517.37
2017-07-10,4500.98,4506.22
2017-07-11,4497.61,4526.76
2017-07-12,4526.93,4505.91
2017-07-13,4502.01,4517.2
2017-07-14,4511.69,4544.46
2017-07-17,4542.73,4489.01
2017-07-18,4472.82,4489.53
2017-07-19,4480.71,4549.81
2017-07-20,4547.75,4588.11
2017-07-21,4577.51,4585.49
2017-07-24,4579.65,4615.17
2017-07-25,4611.88,4592.29
2017-07-26,4589.27,4568.78
2017-07-27,4561.02,4564.19
2017-07-28,4554.08,4581.28
2017-07-31,4577.47,4599.89
2017-08-01,4604.26,4627.98
2017-08-02,4625.31,4606.67
2017-08-03,4601.4,4569.54
2017-08-04,4566.96,4548.57
2017-08-07,4540.57,4577.64
2017-08-08,4579.71,4572.2
2017-08-09,4570.17,4584.55
2017-08-10,4579.62,4572.05
2017-08-11,4539.34,4492.21
2017-08-14,4489.65,4528.8
2017-08-15,4531.45,4556.9
2017-08-16,4550.66,4541.25
2017-08-17,4541.53,4563.46
2017-08-18,4542.33,4574.27
2017-08-21,4579.31,4592.58
2017-08-22,4593.97,4593.61
2017-08-23,4587.92,4591.57
2017-08-24,4589.45,4588.27
2017-08-25,4584.98,4646.54
2017-08-28,4655.95,4679.79
2017-08-29,4675.27,4676.54
2017-08-30,4679.81,4681.08
2017-08-31,4681.88,4653.35
2017-09-01,4662.32,4663.48
2017-09-04,4665.59,4669.58
2017-09-05,4667.79,4672.39
2017-09-06,4662.6,4664.5
2017-09-07,4665.71,4654.16
2017-09-08,4653.08,4649.43
2017-09-11,4653.66,4657.85
2017-09-12,4661.66,4677.32
2017-09-13,4676.23,4686.92
2017-09-14,4689.76,4675.25
2017-09-15,4668.64,4666.91
2017-09-18,4665.01,4676.92
2017-09-19,4679.79,4663.19
2017-09-20,4661.18,4685.91
2017-09-21,4684.97,4683.82
2017-09-22,4675.47,4690.05
2017-09-25,4680.27,4668.8
2017-09-26,4660.34,4666.41
2017-09-27,4664.17,4673.3
2017-09-28,4672.28,4663.26
2017-09-29,4665.18,4672.25
2017-10-09,4743.74,4719.97
2017-10-10,4723.06,4726.09
2017-10-11,4719.71,4739.61
2017-10-12,4739.23,4740.3
2017-10-13,4742.52,4741.52
2017-10-16,4741.27,4708.88
2017-10-17,4706.18,4708.79
2017-10-18,4710.68,4740.83
2017-10-19,4736.94,4740.43
2017-10-20,4731.62,4742.31
2017-10-23,4745.48,4746.5
2017-10-24,4738.3,4775.13
2017-10-25,4771.82,4787.01
2017-10-26,4787.17,4791.85
2017-10-27,4788.98,4806.63
2017-10-30,4806.03,4786.04
2017-10-31,4771.51,4767.55
2017-11-01,4766.13,4744.36
2017-11-02,4741.52,4744.38
2017-11-03,4737.93,4724.28
2017-11-06,4720.57,4757.08
2017-11-07,4757.21,4786.6
2017-11-08,4786.16,4788.85
2017-11-09,4785.76,4814.41
2017-11-10,4810.28,4841.38
2017-11-13,4849.64,4867.81
2017-11-14,4866.56,4836.05
2017-11-15,4824.21,4814.78
2017-11-16,4809.44,4827.47
2017-11-17,4820.97,4835.37
2017-11-20,4809.66,4857.33
2017-11-21,4847.73,4921.27
2017-11-22,4933.27,4928.32
2017-11-23,4919.48,4798.55
2017-11-24,4781.44,4798.52
2017-11-27,4780.8,4756.49
2017-11-28,4737.9,4760.79
2017-11-29,4764.49,4755.96
2017-11-30,4744.2,4725.78
2017-12-01,4721.07,4718.13
2017-12-04,4710.96,4724.02
2017-12-05,4713.43,4735.6
2017-12-06,4721.53,4708.7
2017-12-07,4697.14,4660.84
2017-12-08,4650.29,4675.84
2017-12-11,4678.91,4725.18
2017-12-12,4723.96,4677.61
2017-12-13,4674.38,4713.32
2017-12-14,4714.38,4702.4
2017-12-15,4697.14,4664.86
2017-12-18,4664.91,4664.14
2017-12-19,4662.89,4703.62
2017-12-20,4701.88,4690.55
2017-12-21,4683.8,4716.31
2017-12-22,4713.9,4716.9
2017-12-25,4718.27,4710.8
2017-12-26,4709.01,4730.76
2017-12-27,4723.61,4696.68
2017-12-28,4695.51,4718.56
2017-12-29,4726.14,4750.79
2018-01-02,4764.31,4836.08
2018-01-03,4831.82,4859.7
2018-01-04,4866.01,4877.63
2018-01-05,4878.54,4912.43
2018-01-08,4918.99,4952.72
2018-01-09,4945.27,4949.16
2018-01-10,4950.57,4964.0
2018-01-11,4957.98,4950.75
2018-01-12,4948.91,4974.83
2018-01-15,4976.59,4956.67
2018-01-16,4948.28,5027.23
2018-01-17,5033.73,5020.78
2018-01-18,5024.31,5061.05
2018-01-19,5066.49,5058.98
2018-01-22,5052.4,5108.9
2018-01-23,5110.28,5169.57
2018-01-24,5174.93,5177.35
2018-01-25,5169.07,5156.28
2018-01-26,5143.04,5190.29
2018-01-29,5198.3,5139.46
2018-01-30,5121.17,5077.64
2018-01-31,5055.36,5071.81
2018-02-01,5071.6,5020.18
2018-02-02,4987.12,5061.52
2018-02-05,5004.08,5098.94
2018-02-06,5001.21,4952.92
2018-02-07,5013.72,4852.49
2018-02-08,4821.3,4807.16
2018-02-09,4685.38,4620.23
2018-02-12,4623.63,4672.71
2018-02-13,4701.59,4724.1
2018-02-14,4729.25,4736.56
2018-02-22,4792.31,4839.25
2018-02-23,4844.37,4853.35
2018-02-26,4875.47,4899.07
2018-02-27,4898.92,4822.36
2018-02-28,4780.29,4789.78
2018-03-01,4759.14,4796.38
2018-03-02,4763.27,4783.91
2018-03-05,4786.83,4777.4
2018-03-06,4791.84,4841.26
2018-03-07,4840.11,4822.2
2018-03-08,4820.26,4867.4
2018-03-09,4877.13,4884.41
2018-03-12,4898.1,4894.36
2018-03-13,4889.77,4864.38
2018-03-14,4847.63,4845.2
2018-03-15,4830.04,4851.28
2018-03-16,4851.66,4813.08
2018-03-19,4807.82,4791.61
2018-03-20,4765.41,4790.34
2018-03-21,4797.75,4781.54
2018-03-22,4780.79,4743.82
2018-03-23,4623.49,4607.29
2018-03-26,4556.01,4568.44
2018-03-27,4603.56,4586.77
2018-03-28,4541.23,4521.3
2018-03-29,4532.51,4599.43
2018-03-30,4602.26,4601.87
2018-04-02,4601.05,4578.51
2018-04-03,4529.29,4533.22
2018-04-04,4543.38,4529.76
2018-04-09,4520.72,4520.92
2018-04-10,4529.8,4597.2
2018-04-11,4606.29,4622.61
2018-04-12,4620.66,4580.81
2018-04-13,4598.52,4559.85
2018-04-16,4554.17,4483.79
2018-04-17,4488.44,4432.05
2018-04-18,4468.29,4450.5
2018-04-19,4450.93,4492.2
2018-04-20,4483.18,4429.92
2018-04-23,4425.8,4431.92
2018-04-24,4436.3,4521.88
2018-04-25,4504.64,4508.58
2018-04-26,4499.66,4440.74
2018-04-27,4442.31,4440.9
2018-05-02,4442.25,4461.71
2018-05-03,4456.07,4494.9
2018-05-04,4486.32,4482.6
2018-05-07,4491.84,4549.22
2018-05-08,4546.01,4586.68
2018-05-09,4585.55,4581.58
2018-05-10,4590.43,4608.94
2018-05-11,4615.89,4588.78
2018-05-14,4595.03,4608.96
2018-05-15,4617.27,4628.16
2018-05-16,4615.6,4601.88
2018-05-17,4602.28,4585.08
2018-05-18,4581.9,4628.82
2018-05-21,4648.84,4650.22
2018-05-22,4651.93,4637.42
2018-05-23,4624.61,4591.51
2018-05-24,4590.22,4561.82
2018-05-25,4557.33,4551.38
2018-05-28,4545.44,4564.44
2018-05-29,4556.09,4551.26
2018-05-30,4501.42,4466.28
2018-05-31,4487.02,4559.62
2018-06-01,4542.07,4527.09
2018-06-04,4535.27,4559.68
2018-06-05,4554.09,4579.53
2018-06-06,4572.58,4578.86
2018-06-07,4578.82,4549.36
2018-06-08,4532.46,4486.99
2018-06-11,4476.23,4480.98
2018-06-12,4482.74,4535.47
2018-06-13,4526.44,4501.39
2018-06-14,4484.83,4481.24
2018-06-15,4474.83,4460.99
2018-06-19,4407.52,4291.98
2018-06-20,4272.66,4315.14
2018-06-21,4312.17,4276.18
2018-06-22,4251.19,4291.5
2018-06-25,4313.44,4252.13
2018-06-26,4213.88,4202.36
2018-06-27,4199.07,4151.27
2018-06-28,4126.73,4096.88
2018-06-29,4105.61,4187.02
2018-07-02,4180.77,4076.23
2018-07-03,4074.79,4082.47
2018-07-04,4067.44,4042.29
2018-07-05,4044.38,4003.21
2018-07-06,4000.31,4014.88
2018-07-09,4022.55,4108.55
2018-07-10,4116.14,4121.38
2018-07-11,4056.34,4052.95
2018-07-12,4047.5,4128.18
2018-07-13,4127.45,4133.14
2018-07-16,4126.64,4107.22
2018-07-17,4092.45,4079.33
2018-07-18,4084.15,4087.36
2018-07-19,4093.92,4081.91
2018-07-20,4081.13,4154.69
2018-07-23,4139.11,4195.71
2018-07-24,4202.82,4250.76
2018-07-25,4254.76,4244.13
2018-07-26,4247.14,4216.18
2018-07-27,4208.85,4201.06
2018-07-30,4197.71,4204.87
2018-07-31,4202.78,4207.78
2018-08-01,4214.7,4129.26
2018-08-02,4119.9,4046.94
2018-08-03,4042.58,3995.22
2018-08-06,3994.23,3943.29
2018-08-07,3953.63,4043.76
2018-08-08,4035.22,3988.71
2018-08-09,3972.88,4059.25
2018-08-10,4057.87,4049.15
2018-08-13,4012.62,4025.9
2018-08-14,4021.76,4023.04
2018-08-15,4022.22,3942.07
2018-08-16,3909.5,3919.1
2018-08-17,3943.1,3875.75
2018-08-20,3881.37,3912.0
2018-08-21,3914.49,3961.26
2018-08-22,3958.44,3935.27
2018-08-23,3933.76,3945.73
2018-08-24,3937.1,3956.01
2018-08-27,3966.03,4039.03
2018-08-28,4040.07,4034.72
2018-08-29,4026.95,4010.28
2018-08-30,4009.65,3990.23
2018-08-31,3980.84,3970.52
2018-09-03,3959.29,3960.53
2018-09-04,3964.85,3999.42
2018-09-05,3984.95,3934.87
2018-09-06,3924.29,3897.03
2018-09-07,3906.64,3910.13
2018-09-10,3907.16,3874.42
2018-09-11,3873.72,3865.67
2018-09-12,3859.45,3858.47
2018-09-13,3886.87,3893.64
2018-09-14,3899.3,3902.84
2018-09-17,3892.22,3866.85
2018-09-18,3852.67,3925.44
2018-09-19,3920.25,3980.15
2018-09-20,3979.18,3977.71
2018-09-21,3986.63,4082.45
2018-09-25,4047.13,4049.12
2018-09-26,4055.62,4076.53
2018-09-27,4077.49,4065.03
2018-09-28,4071.51,4108.73
2018-10-08,4030.77,3963.25
2018-10-09,3963.04,3954.86
2018-10-10,3959.62,3960.96
2018-10-11,3865.53,3770.54
2018-10-12,3767.39,3812.27
2018-10-15,3815.78,3737.97
2018-10-16,3736.39,3700.23
2018-10-17,3739.5,3728.17
2018-10-18,3709.4,3651.09
2018-10-19,3629.8,3752.42
2018-10-22,3778.55,3904.41
2018-10-23,3900.82,3812.22
2018-10-24,3793.14,3811.73
2018-10-25,3734.15,3821.6
2018-10-26,3835.94,3823.64
2018-10-29,3812.16,3729.13
2018-10-30,3732.24,3765.16
2018-10-31,3772.41,3808.41
2018-11-01,3827.74,3815.73
2018-11-02,3875.97,3916.03
2018-11-05,3899.51,3903.15
2018-11-06,3898.01,3894.79
2018-11-07,3897.78,3876.55
2018-11-08,3901.16,3871.18
2018-11-09,3855.77,3830.23
2018-11-12,3824.27,3891.64
2018-11-13,3849.76,3925.07
2018-11-14,3917.03,3893.83
2018-11-15,3888.92,3929.08
2018-11-16,3931.88,3957.74
2018-11-19,3964.48,3999.46
2018-11-20,3974.42,3911.21
2018-11-21,3878.41,3924.04
2018-11-22,3932.21,3911.12
2018-11-23,3906.09,3822.98
2018-11-26,3825.91,3822.08
2018-11-27,3832.45,3813.21
2018-11-28,3815.06,3855.17
2018-11-29,3871.37,3813.63
2018-11-30,3814.48,3846.95
2018-12-03,3923.29,3945.49
2018-12-04,3940.05,3957.12
2018-12-05,3910.86,3943.37
2018-12-06,3916.13,3879.01
2018-12-07,3883.64,3901.04
2018-12-10,3882.4,3864.74
2018-12-11,3874.32,3881.0
2018-12-12,3901.26,3907.65
2018-12-13,3916.26,3956.96
2018-12-14,3948.73,3898.88
2018-12-17,3890.64,3924.75
2018-12-18,3901.71,3896.49
2018-12-19,3901.37,3870.46
2018-12-20,3873.74,3867.28
2018-12-21,3856.82,3839.93
2018-12-24,3831.72,3867.24
2018-12-25,3841.22,3843.11
2018-12-26,3839.93,3841.53
2018-12-27,3882.63,3823.92
2018-12-28,3821.58,3836.87
2019-01-02,3839.11,3779.25
2019-01-03,3774.35,3756.76
2019-01-04,3736.34,3830.93
2019-01-07,3853.0,3883.36
2019-01-08,3878.86,3890.53
2019-01-09,3908.14,3923.41
2019-01-10,3915.43,3907.76
2019-01-11,3915.92,3923.14
2019-01-14,3923.11,3917.07
2019-01-15,3914.96,3954.31
2019-01-16,3953.39,3959.03
2019-01-17,3965.19,3950.54
2019-01-18,3955.12,3994.56
2019-01-21,3998.14,4000.72
2019-01-22,4002.97,3962.71
2019-01-23,3958.76,3979.63
2019-01-24,3989.51,3994.16
2019-01-25,4001.48,4013.57
2019-01-28,4031.16,4014.53
2019-01-29,4010.55,4025.02
2019-01-30,4010.87,4000.74
2019-01-31,4011.1,4012.07
2019-02-01,4026.77,4065.24
2019-02-11,4060.72,4127.0
2019-02-12,4124.67,4163.67
2019-02-13,4166.5,4216.61
2019-02-14,4208.08,4216.83
2019-02-15,4205.72,4159.94
2019-02-18,4185.62,4260.31
2019-02-19,4276.81,4255.22
2019-02-20,4256.32,4258.25
2019-02-21,4257.96,4230.38
2019-02-22,4228.88,4287.41
2019-02-25,4313.78,4470.26
2019-02-26,4464.09,4453.78
2019-02-27,4455.88,4444.22
2019-02-28,4444.11,4440.87
2019-03-01,4459.71,4502.03
2019-03-04,4524.59,4555.8
2019-03-05,4549.79,4608.02
2019-03-06,4612.75,4664.23
2019-03-07,4656.77,4658.76
2019-03-08,4584.95,4469.65
2019-03-11,4471.04,4562.26
2019-03-12,4584.9,4598.85
2019-03-13,4595.64,4557.1
2019-03-14,4545.52,4493.98
2019-03-15,4508.27,4574.03
2019-03-18,4589.66,4703.47
2019-03-19,4704.17,4679.07
2019-03-20,4662.76,4685.05
2019-03-21,4689.71,4705.45
2019-03-22,4698.43,4734.4
2019-03-25,4663.67,4662.45
2019-03-26,4682.05,4592.35
2019-03-27,4613.72,4659.77
2019-03-28,4654.31,4612.98
2019-03-29,4608.21,4742.96
2019-04-01,4765.9,4881.11
2019-04-02,4905.13,4885.61
2019-04-03,4858.11,4954.02
2019-04-04,4977.49,5021.84
2019-04-08,5055.86,5072.0
2019-04-09,5067.41,5066.94
2019-04-10,5040.52,5080.54
2019-04-11,5080.84,5018.39
2019-04-12,5015.53,4993.35
2019-04-15,5036.08,4940.22
2019-04-16,4911.1,5011.66
2019-04-17,4999.91,5032.02
2019-04-18,5030.41,4968.62
2019-04-19,4966.78,4993.68
2019-04-22,4993.16,4891.72
2019-04-23,4884.25,4854.26
2019-04-24,4863.5,4897.19
2019-04-25,4868.99,4769.56
2019-04-26,4758.3,4705.72
2019-04-29,4712.64,4672.43
2019-04-30,4663.09,4735.74
2019-05-06,4614.69,4475.77
2019-05-07,4494.46,4534.71
2019-05-08,4443.6,4471.7
2019-05-09,4437.04,4400.12
2019-05-10,4436.42,4521.11
2019-05-13,4469.44,4480.79
2019-05-14,4438.04,4455.79
2019-05-15,4482.12,4535.73
2019-05-16,4535.15,4556.43
2019-05-17,4557.16,4441.82
2019-05-20,4430.02,4406.03
2019-05-21,4405.82,4490.17
2019-05-22,4479.74,4460.1
2019-05-23,4443.02,4403.78
2019-05-24,4390.24,4399.02
2019-05-27,4394.72,4449.31
2019-05-28,4448.4,4489.73
2019-05-29,4464.32,4477.01
2019-05-30,4460.94,4468.9
2019-05-31,4466.21,4469.51
2019-06-03,4472.9,4425.71
2019-06-04,4415.92,4377.47
2019-06-05,4398.76,4358.39
2019-06-06,4351.73,4303.8
2019-06-10,4316.06,4341.99
2019-06-11,4353.69,4460.8
2019-06-12,4445.29,4417.0
2019-06-13,4404.52,4402.2
2019-06-14,4404.17,4357.24
2019-06-17,4351.77,4355.13
2019-06-18,4355.13,4350.51
2019-06-19,4416.98,4373.75
2019-06-20,4374.46,4446.14
2019-06-21,4441.42,4449.95
2019-06-24,4449.73,4465.89
2019-06-25,4459.21,4413.81
2019-06-26,4401.35,4416.46
2019-06-27,4422.71,4438.92
2019-06-28,4425.82,4406.91
2019-07-01,4465.37,4486.77
2019-07-02,4485.15,4511.87
2019-07-03,4501.78,4501.22
2019-07-04,4506.99,4491.01
2019-07-05,4488.54,4508.12
2019-07-08,4492.09,4391.99
2019-07-09,4389.19,4404.03
2019-07-10,4416.62,4367.02
2019-07-11,4384.34,4360.97
2019-07-12,4356.92,4374.95
2019-07-15,4369.32,4400.41
2019-07-16,4397.39,4399.2
2019-07-17,4391.75,4394.82
2019-07-18,4376.46,4330.78
2019-07-19,4338.36,4356.66
2019-07-22,4357.67,4303.89
2019-07-23,4307.06,4324.95
2019-07-24,4333.88,4348.96
2019-07-25,4351.38,4361.8
2019-07-26,4355.56,4372.99
2019-07-29,4375.98,4368.12
2019-07-30,4374.3,4393.86
2019-07-31,4384.67,4350.95
2019-08-01,4339.59,4320.21
2019-08-02,4250.71,4253.14
2019-08-05,4240.38,4184.16
2019-08-06,4122.43,4109.81
2019-08-07,4126.96,4099.14
2019-08-08,4113.65,4129.2
2019-08-09,4139.96,4091.69
2019-08-12,4094.75,4151.97
2019-08-13,4123.54,4117.79
2019-08-14,4159.24,4138.5
2019-08-15,4074.9,4146.78
2019-08-16,4145.22,4151.95
2019-08-19,4184.1,4232.76
2019-08-20,4232.88,4230.38
2019-08-21,4222.97,4222.68
2019-08-22,4228.65,4220.4
2019-08-23,4218.88,4229.05
2019-08-26,4161.6,4181.74
2019-08-27,4197.31,4236.44
2019-08-28,4241.42,4240.37
2019-08-29,4246.09,4219.56
2019-08-30,4239.98,4196.77
2019-09-02,4199.88,4257.87
2019-09-03,4261.38,4265.15
2019-09-04,4262.75,4319.4
2019-09-05,4337.3,4343.92
2019-09-06,4358.33,4373.76
2019-09-09,4412.51,4401.27
2019-09-10,4400.61,4381.25
2019-09-11,4389.91,4365.52
2019-09-12,4378.29,4393.29
2019-09-16,4409.72,4393.73
2019-09-17,4385.83,4320.94
2019-09-18,4329.29,4346.59
2019-09-19,4355.69,4355.53
2019-09-20,4362.03,4367.62
2019-09-23,4351.53,4310.0
2019-09-24,4309.2,4312.85
2019-09-25,4299.3,4255.69
2019-09-26,4264.52,4227.69
2019-09-27,4233.03,4217.0
2019-09-30,4213.07,4193.89
2019-10-08,4202.13,4225.82
2019-10-09,4214.54,4262.86
2019-10-10,4264.06,4287.32
2019-10-11,4299.55,4312.58
2019-10-14,4335.96,4360.78
2019-10-15,4356.72,4330.19
2019-10-16,4336.14,4312.49
2019-10-17,4315.81,4298.54
2019-10-18,4306.84,4241.19
2019-10-21,4236.7,4257.18
2019-10-22,4269.28,4276.56
2019-10-23,4276.7,4258.83
2019-10-24,4256.74,4265.68
2019-10-25,4271.52,4289.4
2019-10-28,4279.05,4311.23
2019-10-29,4312.51,4282.06
2019-10-30,4264.89,4246.29
2019-10-31,4250.33,4220.22
2019-11-01,4217.9,4273.98
2019-11-04,4279.56,4283.27
2019-11-05,4286.18,4301.95
2019-11-06,4303.98,4270.67
2019-11-07,4272.67,4283.19
2019-11-08,4304.52,4274.7
2019-11-11,4252.39,4197.01
2019-11-12,4200.0,4208.52
2019-11-13,4210.96,4188.02
2019-11-14,4194.19,4189.98
2019-11-15,4194.3,4146.26
2019-11-18,4142.02,4188.18
2019-11-19,4187.37,4232.61
2019-11-20,4229.57,4198.8
2019-11-21,4189.11,4195.59
2019-11-22,4202.23,4180.09
2019-11-25,4182.59,4235.13
2019-11-26,4240.25,4226.17
2019-11-27,4218.56,4204.76
2019-11-28,4203.3,4191.53
2019-11-29,4193.26,4183.42
2019-12-02,4188.69,4197.95
2019-12-03,4189.16,4214.65
2019-12-04,4203.18,4193.25
2019-12-05,4202.84,4212.48
2019-12-06,4218.61,4219.05
2019-12-09,4224.82,4237.1
2019-12-10,4229.56,4234.71
2019-12-11,4240.8,4261.17
2019-12-12,4264.37,4266.67
2019-12-13,4290.3,4306.34
2019-12-16,4316.66,4338.63
2019-12-17,4343.27,4372.29
2019-12-18,4372.18,4363.92
2019-12-19,4360.7,4369.59
2019-12-20,4374.43,4349.86
2019-12-23,4342.18,4295.55
2019-12-24,4297.87,4319.65
2019-12-25,4317.56,4313.73
2019-12-26,4317.86,4362.73
2019-12-27,4361.38,4354.55
2019-12-30,4352.28,4412.57
2019-12-31,4408.34,4440.59
2020-01-02,4473.17,4503.09
2020-01-03,4509.48,4501.64
2020-01-06,4483.59,4485.78
2020-01-07,4491.89,4522.22
2020-01-08,4506.29,4469.48
2020-01-09,4505.29,4525.87
2020-01-10,4534.62,4508.8
2020-01-13,4508.11,4540.44
2020-01-14,4544.03,4545.16
2020-01-15,4545.84,4521.73
2020-01-16,4537.18,4498.1
2020-01-17,4519.28,4500.0
2020-01-20,4501.15,4505.39
2020-01-21,4493.96,4422.56
2020-01-22,4406.45,4438.05
2020-01-23,4409.17,4318.04
2020-02-03,3901.66,3933.39
2020-02-04,3841.43,4015.71
2020-02-05,4023.78,4062.18
2020-02-06,4065.59,4113.11
2020-02-07,4099.29,4127.12
2020-02-10,4109.84,4189.89
2020-02-11,4192.4,4204.23
2020-02-12,4194.08,4231.0
2020-02-13,4231.07,4205.11
2020-02-14,4197.11,4236.91
2020-02-17,4238.19,4324.8
2020-02-18,4324.39,4333.75
2020-02-19,4326.81,4316.45
2020-02-20,4325.38,4377.59
2020-02-21,4379.51,4394.18
2020-02-24,4379.54,4363.6
2020-02-25,4292.07,4320.08
2020-02-26,4271.69,4318.04
2020-02-27,4330.11,4323.53
2020-02-28,4233.49,4189.41
2020-03-02,4215.0,4354.65
2020-03-03,4405.55,4353.84
2020-03-04,4331.83,4409.94
2020-03-05,4436.92,4464.61
2020-03-06,4419.02,4411.64
2020-03-09,4354.65,4274.94
2020-03-10,4234.7,4351.12
2020-03-11,4360.67,4313.09
2020-03-12,4261.93,4235.85
2020-03-13,4059.9,4169.4
2020-03-16,4191.98,4040.05
2020-03-17,4042.75,4025.37
2020-03-18,4052.58,3967.1
2020-03-19,3961.3,3927.06
2020-03-20,3965.19,3981.64
2020-03-23,3892.07,3866.57
2020-03-24,3925.42,3962.09
2020-03-25,4030.02,4044.26
2020-03-26,4019.74,4004.61
2020-03-27,4041.6,4033.94
2020-03-30,3991.47,3982.03
2020-03-31,4010.16,3975.14
2020-04-01,3970.81,3950.95
2020-04-02,3931.65,4005.22
2020-04-03,3997.67,3984.08
2020-04-07,4033.82,4057.71
2020-04-08,4040.37,4054.29
2020-04-09,4064.99,4065.45
2020-04-10,4070.14,4023.08
2020-04-13,4010.4,4012.59
2020-04-14,4026.12,4063.71
2020-04-15,4066.89,4041.39
2020-04-16,4020.07,4029.0
2020-04-17,4044.66,4040.92
2020-04-20,4051.44,4064.31
2020-04-21,4047.61,4039.7
2020-04-22,4019.5,4056.44
2020-04-23,4065.6,4043.86
2020-04-24,4049.4,4019.42
2020-04-27,4025.49,4042.99
2020-04-28,4047.0,4018.51
2020-04-29,4008.53,4053.95
2020-04-30,4050.2,4090.12
2020-05-06,4052.76,4094.2
2020-05-07,4088.73,4100.48
2020-05-08,4111.09,4132.81
2020-05-11,4138.08,4134.94
2020-05-12,4138.77,4121.51
2020-05-13,4106.36,4125.91
2020-05-14,4112.91,4082.37
2020-05-15,4096.94,4067.7
2020-05-18,4069.18,4064.58
2020-05-19,4094.25,4089.54
2020-05-20,4085.41,4057.07
2020-05-21,4069.74,4034.88
2020-05-22,4029.57,3965.22
2020-05-25,3972.91,3985.39
2020-05-26,3992.09,4016.35
2020-05-27,4019.11,4033.75
2020-05-28,4022.07,4026.0
2020-05-29,4014.17,4002.18
2020-06-01,4020.13,4082.19
2020-06-02,4078.93,4091.53
2020-06-03,4103.92,4091.71
2020-06-04,4112.49,4104.48
2020-06-05,4108.22,4088.89
2020-06-08,4099.58,4092.07
2020-06-09,4098.32,4107.68
2020-06-10,4094.48,4080.98
2020-06-11,4076.06,4043.16
2020-06-12,3987.03,4035.69
2020-06-15,4009.71,4001.99
2020-06-16,4025.55,4070.16
2020-06-17,4069.85,4076.77
2020-06-18,4068.31,4108.19
2020-06-19,4104.23,4115.03
2020-06-22,4110.9,4083.96
2020-06-23,4085.17,4083.41
2020-06-24,4078.14,4082.31
2020-06-29,4071.23,4060.8
2020-06-30,4067.7,4089.54
2020-07-01,4096.47,4162.95
2020-07-02,4159.76,4256.98
2020-07-03,4262.0,4298.95
2020-07-06,4341.77,4526.02
2020-07-07,4567.57,4503.78
2020-07-08,4494.24,4556.28
2020-07-09,4545.6,4592.61
2020-07-10,4550.66,4487.61
2020-07-13,4494.5,4608.96
2020-07-14,4613.82,4584.58
2020-07-15,4598.1,4498.99
2020-07-16,4496.54,4355.26
2020-07-17,4362.57,4378.35
2020-07-20,4411.33,4568.27
2020-07-21,4574.48,4558.65
2020-07-22,4561.93,4553.99
2020-07-23,4515.97,4499.98
2020-07-24,4479.76,4331.9
2020-07-27,4348.93,4320.27
2020-07-28,4342.59,4361.52
2020-07-29,4354.97,4433.82
2020-07-30,4440.41,4431.13
2020-07-31,4428.0,4468.9
2020-08-03,4494.84,4555.77
2020-08-04,4570.24,4568.55
2020-08-05,4557.62,4565.91
2020-08-06,4570.24,4564.09
2020-08-07,4555.84,4529.17
2020-08-10,4526.88,4587.98
2020-08-11,4601.19,4541.77
2020-08-12,4530.16,4513.0
2020-08-13,4529.15,4529.99
2020-08-14,4526.58,4563.88
2020-08-17,4577.19,4658.84
2020-08-18,4663.44,4666.23
2020-08-19,4660.31,4621.76
2020-08-20,4606.52,4586.65
2020-08-21,4597.03,4582.39
2020-08-24,4593.84,4608.75
2020-08-25,4618.88,4605.18
2020-08-26,4602.82,4528.43
2020-08-27,4534.92,4555.34
2020-08-28,4554.77,4635.48
2020-08-31,4651.41,4610.92
2020-09-01,4605.65,4619.73
2020-09-02,4629.71,4615.78
2020-09-03,4625.86,4608.7
2020-09-04,4552.93,4595.51
2020-09-07,4592.24,4542.95
2020-09-08,4548.49,4569.35
2020-09-09,4536.96,4500.09
2020-09-10,4532.2,4458.3
2020-09-11,4442.36,4476.86
2020-09-14,4491.06,4496.22
2020-09-15,4494.87,4516.89
2020-09-16,4514.21,4515.31
2020-09-17,4512.69,4532.7
2020-09-18,4534.65,4602.24
2020-09-21,4612.05,4574.17
2020-09-22,4535.77,4508.26
2020-09-23,4523.49,4514.73
2020-09-24,4494.33,4429.38
2020-09-25,4437.64,4403.59
2020-09-28,4413.51,4399.77
2020-09-29,4414.27,4417.63
2020-09-30,4428.58,4395.75
2020-10-09,4451.65,4492.47
2020-10-12,4514.73,4603.85
2020-10-13,4599.02,4612.96
2020-10-14,4615.68,4612.21
2020-10-15,4606.31,4593.67
2020-10-16,4590.0,4605.44
2020-10-19,4625.35,4572.35
2020-10-20,4561.45,4576.7
2020-10-21,4577.74,4561.58
2020-10-22,4547.26,4524.95
2020-10-23,4526.94,4488.64
2020-10-26,4487.65,4495.54
2020-10-27,4479.36,4479.05
2020-10-28,4479.6,4478.58
2020-10-29,4435.59,4502.06
2020-10-30,4508.89,4433.77
2020-11-02,4433.92,4476.99
2020-11-03,4500.14,4532.88
2020-11-04,4543.67,4558.12
2020-11-05,4584.97,4636.84
2020-11-06,4638.58,4644.21
2020-11-09,4670.77,4720.27
2020-11-10,4734.66,4705.11
2020-11-11,4693.94,4726.29
2020-11-12,4728.32,4752.84
2020-11-13,4742.08,4721.19
2020-11-16,4736.52,4819.83
2020-11-17,4823.88,4852.27
2020-11-18,4843.84,4870.9
2020-11-19,4861.79,4850.43
2020-11-20,4845.73,4875.34
2020-11-23,4882.24,4943.56
2020-11-24,4935.59,4924.32
2020-11-25,4940.97,4856.13
2020-11-26,4853.22,4837.0
2020-11-27,4852.1,4871.06
2020-11-30,4879.1,4817.82
2020-12-01,4823.24,4883.22
2020-12-02,4889.71,4891.28
2020-12-03,4889.28,4856.7
2020-12-04,4855.24,4849.95
2020-12-07,4858.92,4800.94
2020-12-08,4807.49,4786.76
2020-12-09,4796.22,4727.48
2020-12-10,4727.9,4735.41
2020-12-11,4751.49,4706.94
2020-12-14,4693.69,4674.22
2020-12-15,4674.87,4664.9
2020-12-16,4660.92,4645.77
2020-12-17,4641.71,4692.57
2020-12-18,4702.06,4713.29
2020-12-21,4722.3,4728.49
2020-12-22,4709.21,4620.27
2020-12-23,4620.33,4622.76
2020-12-24,4624.0,4580.11
2020-12-25,4570.49,4612.86
2020-12-28,4617.36,4582.14
2020-12-29,4583.38,4543.63
2020-12-30,4542.76,4562.0
2020-12-31,4562.33,4595.59
2021-01-04,4595.07,4611.31
2021-01-05,4602.01,4621.52
2021-01-06,4631.65,4632.2
2021-01-07,4639.79,4600.77
2021-01-08,4598.97,4614.18
2021-01-11,4610.17,4562.99
2021-01-12,4551.14,4600.21
2021-01-13,4600.13,4593.39
2021-01-14,4575.95,4576.91
2021-01-15,4582.57,4603.72
2021-01-18,4602.6,4638.68
2021-01-19,4633.34,4663.32
2021-01-20,4656.49,4656.54
2021-01-21,4655.1,4676.95
2021-01-22,4669.12,4626.21
2021-01-25,4611.34,4559.48
2021-01-26,4549.51,4530.27
2021-01-27,4528.15,4533.91
2021-01-28,4503.54,4469.68
2021-01-29,4483.41,4431.62
2021-02-01,4425.19,4482.1
2021-02-02,4485.96,4512.33
2021-02-03,4510.37,4475.74
2021-02-04,4463.46,4431.3
2021-02-05,4432.6,4447.25
2021-02-08,4454.17,4492.18
2021-02-09,4493.91,4548.47
2021-02-10,4559.39,4581.27
2021-02-18,4648.85,4692.45
2021-02-19,4685.92,4774.45
2021-02-22,4788.09,4826.08
2021-02-23,4815.18,4789.96
2021-02-24,4789.72,4737.76
2021-02-25,4777.53,4805.21
2021-02-26,4725.41,4705.63
2021-03-01,4728.85,4801.2
2021-03-02,4826.55,4759.48
2021-03-03,4759.37,4870.28
2021-03-04,4843.05,4832.92
2021-03-05,4785.83,4802.39
2021-03-08,4829.81,4760.41
2021-03-09,4754.93,4721.34
2021-03-10,4742.49,4696.05
2021-03-11,4700.51,4803.3
2021-03-12,4813.33,4843.12
2021-03-15,4833.67,4854.55
2021-03-16,4851.25,4886.43
2021-03-17,4873.85,4863.28
2021-03-18,4860.48,4880.97
2021-03-19,4836.37,4832.37
2021-03-22,4834.61,4898.57
2021-03-23,4896.68,4828.34
2021-03-24,4805.4,4753.19
2021-03-25,4745.11,4735.62
2021-03-26,4746.86,4794.54
2021-03-29,4817.02,4848.2
2021-03-30,4833.42,4841.74
2021-03-31,4836.78,4827.2
2021-04-01,4823.34,4865.11
2021-04-02,4864.82,4836.83
2021-04-06,4844.97,4857.9
2021-04-07,4855.71,4899.55
2021-04-08,4894.72,4888.85
2021-04-09,4885.81,4893.54
2021-04-12,4892.38,4871.15
2021-04-13,4859.82,4828.81
2021-04-14,4816.77,4864.07
2021-04-15,4860.01,4869.29
2021-04-16,4875.16,4928.35
2021-04-19,4918.5,4958.26
2021-04-20,4949.9,4955.39
2021-04-21,4938.9,4950.17
2021-04-22,4964.86,4971.05
2021-04-23,4960.95,4956.21
2021-04-26,4964.85,4921.29
2021-04-27,4918.96,4922.71
2021-04-28,4912.17,4952.55
2021-04-29,4956.93,4981.26
2021-04-30,4962.4,4956.5
2021-05-06,4976.57,5029.41
2021-05-07,5042.53,5037.87
2021-05-10,5054.18,5080.9
2021-05-11,5042.12,5033.75
2021-05-12,5030.58,5080.38
2021-05-13,5045.16,5016.72
2021-05-14,5034.68,5051.42
2021-05-17,5048.9,5043.01
2021-05-18,5040.24,5070.85
2021-05-19,5056.01,5068.85
2021-05-20,5015.77,4994.91
2021-05-21,5000.76,5009.73
2021-05-24,5016.52,5042.46
2021-05-25,5051.72,5105.87
2021-05-26,5115.76,5136.14
2021-05-27,5121.51,5152.81
2021-05-28,5157.49,5160.21
2021-05-31,5180.38,5204.73
2021-06-01,5199.23,5236.08
2021-06-02,5240.31,5209.3
2021-06-03,5202.43,5205.28
2021-06-04,5171.55,5179.99
2021-06-07,5178.26,5170.73
2021-06-08,5177.29,5142.36
2021-06-09,5145.48,5157.38
2021-06-10,5154.89,5169.69
2021-06-11,5174.72,5147.63
2021-06-15,5167.94,5105.45
2021-06-16,5100.5,5038.75
2021-06-17,5032.3,5029.82
2021-06-18,5031.31,5009.93
2021-06-21,5006.28,5036.61
2021-06-22,5045.8,5096.2
2021-06-23,5116.73,5168.74
2021-06-24,5178.46,5163.13
2021-06-25,5163.24,5185.63
2021-06-28,5154.75,5143.83
2021-06-29,5142.35,5136.99
2021-06-30,5137.58,5153.4
2021-07-01,5151.28,5129.82
2021-07-02,5112.19,5095.13
2021-07-05,5105.86,5102.94
2021-07-06,5102.5,5093.26
2021-07-07,5068.06,5097.02
2021-07-08,5087.56,4999.4
2021-07-09,4984.72,5041.8
2021-07-12,5066.69,5077.15
2021-07-13,5079.17,5110.62
2021-07-14,5106.52,5076.15
2021-07-15,5065.4,5102.58
2021-07-16,5089.88,5107.88
2021-07-19,5118.17,5096.59
2021-07-20,5059.14,5079.32
2021-07-21,5099.73,5078.76
2021-07-22,5092.98,5134.35
2021-07-23,5126.7,5054.1
2021-07-26,5059.0,4951.13
2021-07-27,4949.23,4803.44
2021-07-28,4778.35,4750.03
2021-07-29,4796.36,4799.05
2021-07-30,4817.9,4858.43
2021-08-02,4835.43,4870.71
2021-08-03,4847.73,4812.43
2021-08-04,4823.78,4886.7
2021-08-05,4880.88,4856.89
2021-08-06,4859.11,4882.56
2021-08-09,4875.65,4950.71
2021-08-10,4940.29,4959.39
2021-08-11,4973.74,5036.93
2021-08-12,5032.09,5101.58
2021-08-13,5097.7,5108.1
2021-08-16,5118.74,5108.37
2021-08-17,5101.59,5011.67
2021-08-18,5018.22,5043.67
2021-08-19,5021.0,5014.93
2021-08-20,5012.17,5022.09
2021-08-23,5047.88,5080.22
2021-08-24,5099.32,5122.62
2021-08-25,5130.63,5184.79
2021-08-26,5191.98,5205.18
2021-08-27,5189.3,5240.64
2021-08-30,5241.39,5271.52
2021-08-31,5261.26,5385.98
2021-09-01,5408.2,5361.02
2021-09-02,5350.55,5448.12
2021-09-03,5428.33,5431.93
2021-09-06,5457.39,5482.7
2021-09-07,5499.45,5592.55
2021-09-08,5583.22,5639.62
2021-09-09,5650.13,5746.51
2021-09-10,5733.27,5668.78
2021-09-13,5675.13,5772.51
2021-09-14,5764.64,5670.94
2021-09-15,5659.8,5687.31
2021-09-16,5730.55,5601.54
2021-09-17,5577.75,5496.14
2021-09-22,5439.02,5574.29
2021-09-23,5650.0,5581.68
2021-09-24,5576.64,5404.99
2021-09-27,5418.36,5251.93
2021-09-28,5256.07,5335.04
2021-09-29,5301.31,5166.0
2021-09-30,5180.29,5245.35
2021-10-08,5316.72,5244.44
2021-10-11,5250.39,5275.22
2021-10-12,5271.02,5187.63
2021-10-13,5192.47,5151.13
2021-10-14,5138.25,5130.9
2021-10-15,5127.11,5143.64
2021-10-18,5144.29,5220.44
2021-10-19,5209.85,5257.33
2021-10-20,5178.17,5205.66
2021-10-21,5190.89,5243.45
2021-10-22,5234.53,5149.86
2021-10-25,5144.49,5155.31
2021-10-26,5163.87,5132.2
2021-10-27,5110.08,5054.62
2021-10-28,5023.81,4940.01
2021-10-29,4945.42,4964.67
2021-11-01,4945.2,4990.25
2021-11-02,4988.16,4888.58
2021-11-03,4892.44,4952.71
2021-11-04,4953.86,4954.04
2021-11-05,4946.63,4881.95
2021-11-08,4890.6,4912.02
2021-11-09,4926.03,4937.52
2021-11-10,4932.3,4932.43
2021-11-11,4930.76,5005.17
2021-11-12,4990.54,4970.96
2021-11-15,4963.6,4979.0
2021-11-16,4982.04,4951.63
2021-11-17,4961.93,4992.96
2021-11-18,5002.22,4989.29
2021-11-19,4985.67,5059.43
2021-11-22,5068.38,5067.43
2021-11-23,5072.58,5095.6
2021-11-24,5108.2,5120.14
2021-11-25,5132.89,5097.97
2021-11-26,5079.65,5061.1
2021-11-29,5000.97,5029.29
2021-11-30,5040.89,5044.12
2021-12-01,5049.39,5103.48
2021-12-02,5097.7,5114.32
2021-12-03,5118.21,5150.05
2021-12-06,5147.7,5092.92
2021-12-07,5137.99,5119.6
2021-12-08,5128.82,5124.21
2021-12-09,5121.86,5130.75
2021-12-10,5115.93,5118.56
2021-12-13,5141.23,5117.09
2021-12-14,5101.79,5064.59
2021-12-15,5063.82,5087.39
2021-12-16,5104.83,5162.86
2021-12-17,5162.06,5129.74
2021-12-20,5123.61,5084.14
2021-12-21,5078.06,5186.48
2021-12-22,5191.79,5166.85
2021-12-23,5162.44,5186.92
2021-12-24,5189.22,5156.06
2021-12-27,5159.55,5186.57
2021-12-28,5187.89,5160.62
2021-12-29,5157.25,5145.03
2021-12-30,5144.4,5158.35
2021-12-31,5160.57,5209.9
2022-01-04,5235.93,5272.76
2022-01-05,5257.41,5258.01
2022-01-06,5242.07,5281.62
2022-01-07,5277.52,5296.28
2022-01-10,5293.79,5347.83
2022-01-11,5340.99,5371.9
2022-01-12,5365.88,5347.72
2022-01-13,5346.23,5331.5
2022-01-14,5309.79,5235.98
2022-01-17,5238.61,5251.16
2022-01-18,5257.67,5303.18
2022-01-19,5305.48,5338.34
2022-01-20,5340.91,5318.14
2022-01-21,5314.41,5276.73
2022-01-24,5258.08,5252.39
2022-01-25,5224.28,5070.73
2022-01-26,5078.86,5102.66
2022-01-27,5104.79,5033.89
2022-01-28,5056.41,5009.74
2022-02-07,5050.98,5140.6
2022-02-08,5154.02,5254.53
2022-02-09,5252.39,5278.93
2022-02-10,5264.91,5336.19
2022-02-11,5332.59,5325.3
2022-02-14,5310.18,5242.91
2022-02-15,5241.27,5221.09
2022-02-16,5232.27,5268.18
2022-02-17,5263.57,5244.61
2022-02-18,5228.9,5345.16
2022-02-21,5347.63,5379.54
2022-02-22,5347.01,5334.18
2022-02-23,5332.9,5319.45
2022-02-24,5302.87,5216.49
2022-02-25,5230.8,5215.19
2022-02-28,5214.23,5219.15
2022-03-01,5230.29,5263.58
2022-03-02,5260.57,5298.65
2022-03-03,5311.65,5355.01
2022-03-04,5336.95,5329.22
2022-03-07,5344.16,5271.52
2022-03-08,5253.75,5090.09
2022-03-09,5107.36,5024.81
2022-03-10,5078.1,5087.35
2022-03-11,5048.54,5120.31
2022-03-14,5078.25,5009.31
2022-03-15,4974.12,4699.87
2022-03-16,4759.56,4811.54
2022-03-17,4876.72,4896.58
2022-03-18,4887.52,5025.5
2022-03-21,5028.17,5046.46
2022-03-22,5035.21,5131.93
2022-03-23,5123.46,5145.75
2022-03-24,5123.49,5128.44
2022-03-25,5119.4,5124.29
2022-03-28,5105.06,5187.17
2022-03-29,5178.68,5177.71
2022-03-30,5175.72,5244.39
2022-03-31,5242.16,5303.28
2022-04-01,5270.69,5357.43
2022-04-06,5365.12,5447.77
2022-04-07,5408.27,5342.52
2022-04-08,5349.56,5399.54
2022-04-11,5371.4,5280.01
2022-04-12,5269.96,5264.82
2022-04-13,5245.97,5254.47
2022-04-14,5274.72,5379.79
2022-04-15,5368.98,5347.9
2022-04-18,5297.79,5276.56
2022-04-19,5278.19,5338.53
2022-04-20,5321.47,5182.91
2022-04-21,5176.65,5062.85
2022-04-22,5039.01,5128.4
2022-04-25,5058.0,4859.16
2022-04-26,4857.61,4766.71
2022-04-27,4720.67,4820.59
2022-04-28,4806.53,4883.17
2022-04-29,4910.52,5019.23
2022-05-05,5022.95,5052.01
2022-05-06,4952.87,4921.83
2022-05-09,4897.78,4934.04
2022-05-10,4856.32,4930.67
2022-05-11,4923.47,4923.27
2022-05-12,4909.25,4911.54
2022-05-13,4920.36,5028.31
2022-05-16,5081.03,5078.78
2022-05-17,5065.82,5040.82
2022-05-18,5027.81,5006.19
2022-05-19,4935.53,5024.25
2022-05-20,5021.58,5070.66
2022-05-23,5081.78,5084.99
2022-05-24,5080.78,4951.53
2022-05-25,4943.89,5031.29
2022-05-26,5027.36,5081.99
2022-05-27,5081.28,5074.43
2022-05-30,5076.98,5072.06
2022-05-31,5062.8,5070.53
2022-06-01,5057.38,5093.22
2022-06-02,5074.29,5054.23
2022-06-06,5053.77,5073.12
2022-06-07,5063.31,5087.42
2022-06-08,5090.89,5125.17
2022-06-09,5115.32,5100.76
2022-06-10,5054.27,5134.13
2022-06-13,5099.86,5071.64
2022-06-14,5032.92,5143.29
2022-06-15,5134.32,5137.36
2022-06-16,5127.0,5058.37
2022-06-17,5032.24,5056.85
2022-06-20,5036.91,5035.07
2022-06-21,5028.34,5037.47
2022-06-22,5044.36,4970.58
2022-06-23,4973.68,5039.95
2022-06-24,5038.68,5033.96
2022-06-27,5042.12,5079.56
2022-06-28,5081.57,5125.14
2022-06-29,5107.46,5091.24
2022-06-30,5089.92,5106.47
2022-07-01,5109.65,5125.94
2022-07-04,5127.98,5143.81
2022-07-05,5150.86,5151.22
2022-07-06,5125.65,5050.61
2022-07-07,5049.27,5081.07
2022-07-08,5092.54,5070.86
2022-07-11,5048.71,4997.9
2022-07-12,4994.69,4997.94
2022-07-13,4989.78,5004.27
2022-07-14,4977.7,4937.89
2022-07-15,4908.42,4813.94
2022-07-18,4829.26,4932.11
2022-07-19,4940.27,4951.39
2022-07-20,4957.94,4968.22
2022-07-21,4961.58,4896.21
2022-07-22,4893.84,4874.3
2022-07-25,4881.66,4869.84
2022-07-26,4870.93,4938.79
2022-07-27,4934.19,4943.23
2022-07-28,4954.96,4962.89
2022-07-29,4968.02,4921.72
2022-08-01,4918.25,4937.89
2022-08-02,4897.2,4798.78
2022-08-03,4800.09,4736.11
2022-08-04,4753.19,4762.28
2022-08-05,4768.31,4797.14
2022-08-08,4794.27,4873.23
2022-08-09,4874.41,4883.65
2022-08-10,4883.18,4862.62
2022-08-11,4885.55,4923.72
2022-08-12,4924.57,4957.35
2022-08-15,4956.65,4969.85
2022-08-16,4976.38,4996.1
2022-08-17,5001.94,5012.05
2022-08-18,5006.81,4969.34
2022-08-19,4972.31,5007.0
2022-08-22,5007.42,5050.92
2022-08-23,5043.01,5075.63
2022-08-24,5076.16,4984.46
2022-08-25,5001.65,5073.62
2022-08-26,5069.05,5051.22
2022-08-29,5010.07,5090.85
2022-08-30,5088.6,5060.86
2022-08-31,5056.75,5009.62
2022-09-01,5018.27,5043.03
2022-09-02,5039.5,5040.13
2022-09-05,5050.33,5115.83
2022-09-06,5122.97,5201.74
2022-09-07,5180.98,5187.12
2022-09-08,5180.07,5168.47
2022-09-09,5168.83,5222.86
2022-09-13,5227.34,5187.63
2022-09-14,5129.07,5144.59
2022-09-15,5173.77,5134.27
2022-09-16,5115.92,4975.15
2022-09-19,4969.65,4975.77
2022-09-20,5001.68,4980.39
2022-09-21,4970.83,5020.62
2022-09-22,4995.63,5015.05
2022-09-23,5006.42,4962.21
2022-09-26,4934.4,4872.49
2022-09-27,4883.8,4930.36
2022-09-28,4925.86,4869.64
2022-09-29,4904.86,4846.59
2022-09-30,4858.03,4869.99
2022-10-10,4886.7,4856.02
2022-10-11,4857.27,4856.67
2022-10-12,4848.64,4924.67
2022-10-13,4897.11,4878.3
2022-10-14,4891.29,4934.51
2022-10-17,4912.61,4935.9
2022-10-18,4942.32,4941.31
2022-10-19,4929.04,4901.75
2022-10-20,4880.83,4855.5
2022-10-21,4864.26,4878.47
2022-10-24,4876.21,4772.91
2022-10-25,4765.45,4753.56
2022-10-26,4758.76,4741.76
2022-10-27,4740.1,4754.5
2022-10-28,4737.42,4628.83
2022-10-31,4595.02,4562.0
2022-11-01,4573.36,4622.14
2022-11-02,4613.89,4679.53
2022-11-03,4647.04,4654.33
2022-11-04,4656.71,4750.54
2022-11-07,4742.26,4784.93
2022-11-08,4790.04,4790.02
2022-11-09,4793.55,4795.23
2022-11-10,4773.6,4793.47
2022-11-11,4866.08,4900.02
2022-11-14,4948.49,4914.24
2022-11-15,4907.48,4961.88
2022-11-16,4960.13,4943.74
2022-11-17,4933.25,4924.2
2022-11-18,4920.31,4891.54
2022-11-21,4866.43,4894.16
2022-11-22,4899.67,4899.19
2022-11-23,4890.94,4910.77
2022-11-24,4931.69,4945.97
2022-11-25,4942.46,5007.61
2022-11-28,4948.62,4986.38
2022-11-29,5042.05,5129.63
2022-11-30,5128.03,5120.05
2022-12-01,5149.94,5093.58
2022-12-02,5083.94,5077.22
2022-12-05,5113.34,5151.15
2022-12-06,5137.19,5125.57
2022-12-07,5120.2,5095.95
2022-12-08,5096.21,5106.72
2022-12-09,5109.65,5151.55
2022-12-12,5156.26,5077.86
2022-12-13,5074.8,5101.6
2022-12-14,5099.29,5082.25
2022-12-15,5076.92,5030.61
2022-12-16,5016.93,5083.34
2022-12-19,5076.25,4978.93
2022-12-20,4965.51,4928.73
2022-12-21,4934.6,4930.9
2022-12-22,4962.35,4896.18
2022-12-23,4882.97,4890.01
2022-12-26,4887.92,4877.97
2022-12-27,4895.13,4928.71
2022-12-28,4919.05,4936.9
2022-12-29,4926.17,4892.79
2022-12-30,4909.34,4925.86
2023-01-03,4925.96,4957.78
2023-01-04,4957.79,4996.91
2023-01-05,5004.55,5010.51
2023-01-06,5013.55,5000.11
2023-01-09,5012.42,4997.31
2023-01-10,4996.66,4969.0
2023-01-11,4972.81,4995.85
2023-01-12,4991.52,4976.54
2023-01-13,4980.21,5019.25
2023-01-16,5029.82,5038.56
2023-01-17,5044.05,5030.96
2023-01-18,5036.34,5036.72
2023-01-19,5035.11,5057.06
2023-01-20,5063.07,5106.67
2023-01-30,5147.53,5088.46
2023-01-31,5078.65,5099.71
2023-02-01,5106.8,5115.41
2023-02-02,5122.54,5123.74
2023-02-03,5113.71,5078.34
2023-02-06,5059.22,5049.8
2023-02-07,5056.07,5076.74
2023-02-08,5082.37,5054.09
2023-02-09,5052.67,5091.42
2023-02-10,5089.74,5093.73
2023-02-13,5093.24,5111.87
2023-02-14,5122.64,5138.18
2023-02-15,5139.47,5106.61
2023-02-16,5109.53,5062.8
2023-02-17,5062.07,5069.23
2023-02-20,5088.79,5182.75
2023-02-21,5202.22,5241.19
2023-02-22,5230.61,5244.3
2023-02-23,5264.73,5251.4
2023-02-24,5253.3,5230.06
2023-02-27,5222.52,5222.78
2023-02-28,5225.85,5245.94
2023-03-01,5252.81,5281.48
2023-03-02,5277.43,5304.99
2023-03-03,5308.53,5327.93
2023-03-06,5336.49,5302.98
2023-03-07,5306.65,5271.29
2023-03-08,5257.38,5267.15
2023-03-09,5275.68,5250.3
2023-03-10,5230.83,5156.62
2023-03-13,5150.49,5219.06
2023-03-14,5209.09,5175.87
2023-03-15,5196.33,5238.44
2023-03-16,5214.51,5189.85
2023-03-17,5213.64,5220.77
2023-03-20,5229.34,5196.13
2023-03-21,5207.63,5195.35
2023-03-22,5205.07,5219.88
2023-03-23,5215.36,5224.2
2023-03-24,5226.46,5181.61
2023-03-27,5178.28,5139.55
2023-03-28,5151.67,5141.4
2023-03-29,5155.21,5126.52
2023-03-30,5130.26,5158.66
2023-03-31,5163.25,5175.89
2023-04-03,5181.85,5199.37
2023-04-04,5199.27,5217.98
2023-04-06,5212.95,5185.44
2023-04-07,5191.93,5205.39
2023-04-10,5205.58,5206.9
2023-04-11,5206.41,5240.32
2023-04-12,5250.96,5292.26
2023-04-13,5293.82,5293.25
2023-04-14,5304.27,5287.03
2023-04-17,5285.04,5359.76
2023-04-18,5357.09,5379.56
2023-04-19,5379.92,5374.94
2023-04-20,5371.33,5383.53
2023-04-21,5383.46,5318.82
2023-04-24,5330.34,5314.87
2023-04-25,5326.96,5332.14
2023-04-26,5309.98,5345.38
2023-04-27,5343.66,5357.91
2023-04-28,5339.95,5414.95
2023-05-04,5387.85,5523.84
2023-05-05,5538.58,5537.91
2023-05-08,5527.98,5653.01
2023-05-09,5663.1,5607.72
2023-05-10,5588.45,5499.45
2023-05-11,5502.41,5495.85
2023-05-12,5487.11,5463.14
2023-05-15,5457.99,5461.78
2023-05-16,5459.55,5423.52
2023-05-17,5407.65,5396.71
2023-05-18,5405.08,5426.51
2023-05-19,5414.37,5360.59
2023-05-22,5346.92,5355.01
2023-05-23,5356.11,5287.39
2023-05-24,5276.13,5211.99
2023-05-25,5197.79,5188.24
2023-05-26,5186.29,5233.14
2023-05-29,5220.59,5268.17
2023-05-30,5254.12,5262.09
2023-05-31,5239.56,5214.21
2023-06-01,5205.58,5195.67
2023-06-02,5200.76,5225.23
2023-06-05,5221.3,5252.58
2023-06-06,5243.35,5209.35
2023-06-07,5212.06,5247.88
2023-06-08,5240.7,5295.2
2023-06-09,5293.66,5284.15
2023-06-12,5275.13,5252.32
2023-06-13,5247.18,5243.4
2023-06-14,5245.74,5214.89
2023-06-15,5213.65,5216.58
2023-06-16,5212.47,5197.77
2023-06-19,5196.98,5132.54
2023-06-20,5129.62,5090.26
2023-06-21,5073.79,5040.7
2023-06-26,5017.93,4974.28
2023-06-27,4981.53,5060.82
2023-06-28,5053.05,5084.63
2023-06-29,5070.9,5067.45
2023-06-30,5056.14,5072.55
2023-07-03,5082.11,5125.96
2023-07-04,5123.3,5100.77
2023-07-05,5087.9,5086.77
2023-07-06,5067.57,5054.04
2023-07-07,5045.62,5072.59
2023-07-10,5092.15,5093.41
2023-07-11,5101.95,5103.35
2023-07-12,5095.93,5064.72
2023-07-13,5065.77,5113.9
2023-07-14,5108.81,5111.72
2023-07-17,5077.22,5060.94
2023-07-18,5060.63,5056.12
2023-07-19,5047.85,5076.31
2023-07-20,5073.45,5048.75
2023-07-21,5041.67,5046.85
2023-07-24,5045.37,5048.47
2023-07-25,5087.94,5132.84
2023-07-26,5131.8,5142.0
2023-07-27,5139.28,5147.45
2023-07-28,5139.69,5241.8
2023-07-31,5263.46,5278.66
2023-08-01,5278.39,5283.46
2023-08-02,5272.53,5235.29
2023-08-03,5227.84,5264.09
2023-08-04,5288.72,5248.91
2023-08-07,5234.97,5203.11
2023-08-08,5196.47,5195.85
2023-08-09,5189.31,5172.88
2023-08-10,5164.14,5185.83
2023-08-11,5189.11,5105.88
2023-08-14,5071.02,5103.19
2023-08-15,5105.95,5137.04
2023-08-16,5126.28,5134.51
2023-08-17,5116.75,5134.98
2023-08-18,5131.98,5112.66
2023-08-21,5108.55,5059.37
2023-08-22,5073.98,5099.76
2023-08-23,5098.14,5085.62
2023-08-24,5092.6,5061.56
2023-08-25,5056.65,5071.87
2023-08-28,5286.16,5141.93
2023-08-29,5134.66,5151.08
2023-08-30,5149.81,5113.63
2023-08-31,5113.12,5060.9
2023-09-01,5070.81,5114.92
2023-09-04,5138.11,5194.16
2023-09-05,5190.66,5153.77
2023-09-06,5144.6,5152.7
2023-09-07,5146.84,5125.61
2023-09-08,5113.54,5092.1
2023-09-11,5099.52,5129.38
2023-09-12,5129.78,5122.77
2023-09-13,5131.31,5137.0
2023-09-14,5137.1,5188.45
2023-09-15,5194.8,5176.43
2023-09-18,5172.61,5182.17
2023-09-19,5180.37,5216.85
2023-09-20,5212.86,5223.79
2023-09-21,5220.5,5189.76
2023-09-22,5190.26,5211.97
2023-09-25,5206.69,5201.56
2023-09-26,5199.52,5178.05
2023-09-27,5181.64,5160.21
2023-09-28,5175.69,5161.13
2023-10-09,5141.95,5142.71
2023-10-10,5145.1,5091.63
2023-10-11,5098.61,5075.79
2023-10-12,5099.75,5127.17
2023-10-13,5109.0,5120.71
2023-10-16,5125.14,5130.52
2023-10-17,5132.39,5140.49
2023-10-18,5132.85,5093.11
2023-10-19,5077.15,5008.19
2023-10-20,4994.78,4982.37
2023-10-23,4972.88,4915.65
2023-10-24,4931.21,4953.04
2023-10-25,5001.28,4997.21
2023-10-26,4980.04,5021.2
2023-10-27,5016.32,5041.47
2023-10-30,5033.56,4989.67
2023-10-31,4985.82,4998.89
2023-11-01,5001.6,4992.94
2023-11-02,4994.05,5001.2
2023-11-03,5004.97,4977.79
2023-11-06,4991.3,4969.89
2023-11-07,4968.93,4967.49
2023-11-08,4962.59,4961.33
2023-11-09,4961.67,4993.89
2023-11-10,4981.22,4975.8
2023-11-13,4983.65,4984.7
2023-11-14,4980.59,4977.84
2023-11-15,5002.62,5002.09
2023-11-16,4994.29,4995.86
2023-11-17,4984.96,4982.95
2023-11-20,4987.71,4995.52
2023-11-21,5003.08,5014.03
2023-11-22,5006.69,4998.8
2023-11-23,5000.68,5037.95
2023-11-24,5036.7,5041.07
2023-11-27,5041.59,5027.75
2023-11-28,5022.85,5027.38
2023-11-29,5027.17,4992.13
2023-11-30,4991.0,5008.61
2023-12-01,5008.92,5023.62
2023-12-04,5025.09,5024.14
2023-12-05,5018.38,4959.32
2023-12-06,4954.57,4957.19
2023-12-07,4953.29,4964.69
2023-12-08,4957.74,4963.75
2023-12-11,4952.22,5039.7
2023-12-12,5035.36,5078.07
2023-12-13,5066.85,5036.12
2023-12-14,5045.72,5031.52
2023-12-15,5039.41,5001.82
2023-12-18,4988.55,4990.64
2023-12-19,4995.11,4981.94
2023-12-20,4985.07,4959.65
2023-12-21,4948.13,4954.71
2023-12-22,4955.64,4943.32
2023-12-25,4936.54,4951.06
2023-12-26,4956.42,4921.87
2023-12-27,4924.19,4950.14
2023-12-28,4950.95,4943.8
2023-12-29,4935.53,4969.67
2024-01-02,4970.26,5020.99
2024-01-03,5014.11,5074.18
2024-01-04,5074.3,5096.16
2024-01-05,5092.56,5099.25
2024-01-08,5092.0,5046.02
2024-01-09,5040.91,5074.4
2024-01-10,5064.13,5046.52
2024-01-11,5041.29,5020.58
2024-01-12,5013.64,5032.42
2024-01-15,5018.19,5057.51
2024-01-16,5052.33,5075.15
2024-01-17,5066.04,5004.11
2024-01-18,4991.42,4971.3
2024-01-19,4958.94,4942.08
2024-01-22,4931.33,4778.68
2024-01-23,4770.17,4835.93
2024-01-24,4846.86,4943.46
2024-01-25,4955.65,5085.89
2024-01-26,5084.07,5152.4
2024-01-29,5168.29,5166.21
2024-01-30,5146.93,5098.27
2024-01-31,5074.56,5079.34
2024-02-01,5053.61,5028.79
2024-02-02,5029.89,5024.8
2024-02-05,5008.15,5020.68
2024-02-06,4985.04,5139.15
2024-02-07,5135.06,5240.32
2024-02-08,5228.11,5244.22
2024-02-19,5267.6,5348.88
2024-02-20,5333.91,5410.19
2024-02-21,5386.17,5411.45
2024-02-22,5398.78,5490.4
2024-02-23,5489.99,5470.98
2024-02-26,5461.05,5374.68
2024-02-27,5358.52,5402.89
2024-02-28,5394.92,5352.36
2024-02-29,5331.08,5414.02
2024-03-01,5405.85,5414.24
2024-03-04,5404.95,5439.76
2024-03-05,5427.8,5469.15
2024-03-06,5464.34,5467.62
2024-03-07,5467.28,5493.8
2024-03-08,5490.31,5524.19
2024-03-11,5518.78,5482.49
2024-03-12,5468.7,5379.18
2024-03-13,5365.54,5356.53
2024-03-14,5345.58,5370.83
2024-03-15,5365.46,5370.6
2024-03-18,5361.52,5357.79
2024-03-19,5352.43,5338.32
2024-03-20,5328.53,5359.21
2024-03-21,5358.66,5365.83
2024-03-22,5359.74,5347.74
2024-03-25,5328.46,5352.36
2024-03-26,5355.05,5348.76
2024-03-27,5345.57,5330.7
2024-03-28,5321.68,5325.65
2024-03-29,5317.68,5380.73
2024-04-01,5369.7,5396.83
2024-04-02,5391.08,5416.89
2024-04-03,5413.37,5470.48
2024-04-08,5455.34,5461.65
2024-04-09,5457.12,5441.75
2024-04-10,5436.46,5454.41
2024-04-11,5431.99,5502.44
2024-04-12,5492.42,5483.85
2024-04-15,5486.15,5585.26
2024-04-16,5578.32,5566.74
2024-04-17,5555.88,5669.06
2024-04-18,5663.77,5693.42
2024-04-19,5659.11,5710.27
2024-04-22,5708.57,5594.4
2024-04-23,5564.36,5501.33
2024-04-24,5500.42,5509.22
2024-04-25,5501.3,5536.79
2024-04-26,5523.12,5502.14
2024-04-29,5470.38,5495.31
2024-04-30,5482.78,5499.66
2024-05-06,5532.23,5554.32
2024-05-07,5548.57,5556.5
2024-05-08,5550.16,5563.15
2024-05-09,5562.46,5602.73
2024-05-10,5602.78,5628.3
2024-05-13,5610.63,5644.16
2024-05-14,5638.88,5627.96
2024-05-15,5616.8,5621.33
2024-05-16,5623.45,5633.55
2024-05-17,5633.35,5689.08
2024-05-20,5690.53,5742.41
2024-05-21,5728.54,5757.02
2024-05-22,5756.77,5754.62
2024-05-23,5732.51,5675.44
2024-05-24,5654.69,5650.87
2024-05-27,5658.28,5732.45
2024-05-28,5731.14,5705.08
2024-05-29,5694.27,5716.21
2024-05-30,5701.21,5664.77
2024-05-31,5674.24,5669.49
2024-06-03,5663.65,5634.79
2024-06-04,5622.58,5663.53
2024-06-05,5662.03,5591.39
2024-06-06,5582.96,5596.1
2024-06-07,5600.14,5629.32
2024-06-11,5621.51,5535.75
2024-06-12,5525.44,5597.65
2024-06-13,5584.51,5528.94
2024-06-14,5504.89,5514.71
2024-06-17,5500.09,5442.69
2024-06-18,5440.73,5460.87
2024-06-19,5452.96,5438.2
2024-06-20,5430.88,5421.53
2024-06-21,5408.85,5417.8
2024-06-24,5400.87,5347.62
2024-06-25,5342.56,5360.9
2024-06-26,5340.99,5368.96
2024-06-27,5354.17,5334.25
2024-06-28,5319.22,5354.83
2024-07-01,5353.73,5471.46
2024-07-02,5472.69,5464.48
2024-07-03,5456.37,5419.51
2024-07-04,5418.98,5384.29
2024-07-05,5382.52,5365.13
2024-07-08,5347.29,5326.18
2024-07-09,5318.05,5382.26
2024-07-10,5351.59,5273.2
2024-07-11,5292.23,5283.23
2024-07-12,5260.86,5254.14
2024-07-15,5246.79,5300.04
2024-07-16,5283.6,5263.49
2024-07-17,5251.2,5227.97
2024-07-18,5211.35,5235.43
2024-07-19,5222.65,5199.05
2024-07-22,5190.68,5151.02
2024-07-23,5144.75,5087.1
2024-07-24,5078.61,5075.72
2024-07-25,5064.74,5063.54
2024-07-26,5057.37,5062.35
2024-07-29,5059.3,5067.15
2024-07-30,5057.39,5035.22
2024-07-31,5037.0,5114.86
2024-08-01,5116.56,5105.84
2024-08-02,5085.11,5092.8
2024-08-05,5073.63,5034.11
2024-08-06,5053.72,5018.31
2024-08-07,5011.8,5031.85
2024-08-08,5032.43,5055.42
2024-08-09,5059.33,5034.24
2024-08-12,5036.65,5062.34
2024-08-13,5069.49,5070.04
2024-08-14,5062.12,5047.33
2024-08-15,5045.21,5092.54
2024-08-16,5092.32,5092.86
2024-08-19,5090.88,5135.8
2024-08-20,5141.08,5076.74
2024-08-21,5065.56,5036.84
2024-08-22,5035.06,5028.88
2024-08-23,5020.79,5034.11
2024-08-26,5034.36,5028.44
2024-08-27,5020.74,5027.49
2024-08-28,5013.05,5001.42
2024-08-29,4997.09,4928.91
2024-08-30,4929.69,4946.1
2024-09-02,4932.5,4964.3
2024-09-03,4960.15,4928.78
2024-09-04,4906.36,4922.38
2024-09-05,4921.99,4922.91
2024-09-06,4916.23,4875.41
2024-09-09,4863.13,4793.09
2024-09-10,4793.39,4797.09
2024-09-11,4779.31,4703.98
2024-09-12,4701.72,4717.86
2024-09-13,4720.21,4696.57
2024-09-18,4696.73,4750.47
2024-09-19,4759.45,4765.35
2024-09-20,4757.66,4759.79
2024-09-23,4756.91,4810.41
2024-09-24,4840.81,5025.98
2024-09-25,5093.42,5093.98
2024-09-26,5091.33,5279.07
2024-09-27,5355.48,5355.89
2024-09-30,5511.04,5699.29
2024-10-08,6209.67,5753.63
2024-10-09,5655.65,5313.82
2024-10-10,5329.07,5478.74
2024-10-11,5482.62,5382.62
2024-10-14,5432.03,5524.01
2024-10-15,5498.36,5400.97
2024-10-16,5375.3,5474.85
2024-10-17,5489.6,5383.42
2024-10-18,5371.36,5430.08
2024-10-21,5442.23,5394.99
2024-10-22,5390.65,5429.92
2024-10-23,5429.93,5439.08
2024-10-24,5427.73,5411.05
2024-10-25,5406.76,5416.04
2024-10-28,5418.14,5469.86
2024-10-29,5468.1,5386.33
2024-10-30,5368.33,5339.59
2024-10-31,5328.24,5319.41
2024-11-01,5318.96,5360.42
2024-11-04,5379.42,5406.55
2024-11-05,5408.58,5475.9
2024-11-06,5479.58,5455.84
2024-11-07,5429.79,5564.85
2024-11-08,5580.83,5489.28
2024-11-11,5460.52,5449.77
2024-11-12,5449.95,5421.26
2024-11-13,5407.44,5443.07
2024-11-14,5440.64,5372.8
2024-11-15,5359.15,5356.62
2024-11-18,5399.67,5445.0
2024-11-19,5436.73,5449.51
2024-11-20,5432.39,5465.77
2024-11-21,5455.27,5461.15
2024-11-22,5456.45,5312.33
2024-11-25,5321.45,5320.61
2024-11-26,5310.32,5322.63
2024-11-27,5310.91,5380.43
2024-11-28,5373.7,5358.43
2024-11-29,5358.8,5392.24
2024-12-02,5405.74,5420.61
2024-12-03,5414.58,5475.91
2024-12-04,5456.55,5483.94
2024-12-05,5473.23,5474.81
2024-12-06,5477.78,5549.69
2024-12-09,5547.42,5558.78
2024-12-10,5656.47,5559.89
2024-12-11,5545.68,5587.8
2024-12-12,5587.01,5609.68
2024-12-13,5592.25,5511.56
2024-12-16,5508.82,5557.69
2024-12-17,5554.2,5537.64
2024-12-18,5552.56,5571.98
2024-12-19,5538.68,5518.37
2024-12-20,5509.26,5472.42
2024-12-23,5470.77,5475.13
2024-12-24,5473.59,5537.93
2024-12-25,5537.26,5559.46
2024-12-26,5555.04,5533.8
2024-12-27,5527.63,5545.56
2024-12-30,5541.13,5612.29
2024-12-31,5612.98,5581.5
2025-01-02,5586.23,5470.19
2025-01-03,5482.19,5424.41
2025-01-06,5420.67,5444.26
2025-01-07,5432.47,5428.63
2025-01-08,5412.38,5416.3
2025-01-09,5395.02,5336.23
2025-01-10,5332.45,5255.72
2025-01-13,5234.35,5214.98
2025-01-14,5223.22,5310.86
2025-01-15,5301.61,5312.62
2025-01-16,5331.77,5355.67
2025-01-17,5345.62,5340.43
2025-01-20,5349.23,5328.87
2025-01-21,5344.49,5295.87
2025-01-22,5282.15,5242.84
2025-01-23,5269.85,5296.17
2025-01-24,5285.62,5330.38
2025-01-27,5338.54,5397.84
2025-02-05,5411.33,5291.46
2025-02-06,5285.69,5295.8
2025-02-07,5289.07,5331.43
2025-02-10,5329.36,5325.35
2025-02-11,5331.68,5345.53
2025-02-12,5339.09,5346.74
2025-02-13,5343.47,5348.71
2025-02-14,5347.74,5359.12
2025-02-17,5355.86,5336.57
2025-02-18,5329.47,5318.64
2025-02-19,5312.28,5303.7
2025-02-20,5298.3,5291.03
2025-02-21,5296.69,5257.0
2025-02-24,5248.8,5261.45
2025-02-25,5246.69,5226.62
2025-02-26,5228.47,5292.16
2025-02-27,5307.49,5350.67
2025-02-28,5354.35,5311.65
2025-03-03,5316.5,5305.07
2025-03-04,5291.78,5305.59
2025-03-05,5307.3,5330.74
2025-03-06,5340.79,5329.47
2025-03-07,5322.27,5336.69
2025-03-10,5339.59,5352.34
2025-03-11,5325.11,5386.43
2025-03-12,5390.5,5364.77
2025-03-13,5364.0,5402.28
2025-03-14,5401.7,5443.38
2025-03-17,5452.34,5463.47
2025-03-18,5470.36,5454.1
2025-03-19,5449.72,5462.32
2025-03-20,5461.67,5447.28
2025-03-21,5440.14,5424.09
2025-03-24,5432.05,5454.45
2025-03-25,5452.26,5489.03
2025-03-26,5482.25,5481.38
2025-03-27,5476.75,5476.23
2025-03-28,5472.59,5436.47
2025-03-31,5425.45,5407.99
2025-04-01,5418.23,5460.51
2025-04-02,5454.15,5480.34
2025-04-03,5443.9,5487.75
2025-04-07,5297.87,5121.63
2025-04-08,5131.3,5252.5
2025-04-09,5217.4,5268.15
2025-04-10,5308.44,5317.96
2025-04-11,5306.8,5294.01
2025-04-14,5310.29,5341.43
2025-04-15,5341.25,5367.05
2025-04-16,5360.45,5391.45
2025-04-17,5371.05,5380.3
2025-04-18,5372.39,5382.34
2025-04-21,5375.56,5375.04
2025-04-22,5372.14,5395.88
2025-04-23,5403.89,5371.85
2025-04-24,5376.31,5400.71
2025-04-25,5396.33,5392.28
2025-04-28,5389.67,5391.38
2025-04-29,5372.04,5377.23
2025-04-30,5369.71,5341.77
2025-05-06,5360.24,5355.26
2025-05-07,5393.01,5391.5
2025-05-08,5375.7,5394.13
2025-05-09,5402.72,5421.84
2025-05-12,5433.39,5440.61
2025-05-13,5464.67,5478.64
2025-05-14,5476.6,5509.56
2025-05-15,5503.32,5486.94
2025-05-16,5479.86,5456.46
2025-05-19,5457.65,5470.96
2025-05-20,5478.41,5486.86
2025-05-21,5489.07,5528.8
2025-05-22,5523.48,5519.05
2025-05-23,5518.15,5464.77
2025-05-26,5456.59,5427.86
2025-05-27,5432.19,5413.75
2025-05-28,5412.39,5431.02
2025-05-29,5430.09,5440.66
2025-05-30,5437.27,5445.8
2025-06-03,5440.69,5465.69
2025-06-04,5462.15,5480.87
2025-06-05,5479.89,5449.49
2025-06-06,5456.06,5448.3
2025-06-09,5447.83,5458.88
2025-06-10,5456.16,5454.57
2025-06-11,5451.52,5471.48
2025-06-12,5468.06,5471.6
2025-06-13,5451.66,5416.31
2025-06-16,5413.01,5428.6
2025-06-17,5426.06,5426.02
2025-06-18,5422.29,5419.95
2025-06-19,5412.14,5384.74
2025-06-20,5374.7,5393.71
2025-06-23,5383.47,5407.43
2025-06-24,5398.29,5424.75
2025-06-25,5413.74,5443.2
2025-06-26,5436.33,5444.7
2025-06-27,5452.6,5416.2
2025-06-30,5405.71,5410.26
2025-07-01,5414.69,5454.33
2025-07-02,5456.75,5493.47
2025-07-03,5490.42,5493.13
2025-07-04,5490.99,5520.94
2025-07-07,5518.13,5545.08
2025-07-08,5543.26,5542.35
2025-07-09,5551.63,5560.32
2025-07-10,5552.51,5594.92
2025-07-11,5594.67,5553.97
2025-07-14,5553.57,5581.21
2025-07-15,5574.15,5516.33
2025-07-16,5510.54,5492.6
2025-07-17,5491.08,5487.89
2025-07-18,5493.13,5506.74
2025-07-21,5526.76,5575.87
2025-07-22,5585.16,5667.61
2025-07-23,5702.03,5647.09
2025-07-24,5641.08,5670.75
2025-07-25,5665.58,5633.83
2025-07-28,5605.17,5572.53
2025-07-29,5574.03,5570.46
2025-07-30,5571.69,5581.48
2025-07-31,5563.89,5484.71
2025-08-01,5483.54,5484.59
2025-08-04,5462.64,5510.34
2025-08-05,5510.52,5567.88
2025-08-06,5567.4,5603.2
2025-08-07,5600.9,5612.68
2025-08-08,5611.3,5615.61
2025-08-11,5622.16,5591.7
2025-08-12,5597.22,5623.04
2025-08-13,5627.87,5593.7
2025-08-14,5592.1,5540.13
2025-08-15,5536.27,5553.42
2025-08-18,5568.52,5542.76
2025-08-19,5544.07,5537.45
2025-08-20,5533.41,5579.27
2025-08-21,5580.11,5609.2
2025-08-22,5606.27,5599.4
2025-08-25,5602.95,5640.48
2025-08-26,5636.56,5634.04
2025-08-27,5631.64,5532.43
2025-08-28,5535.18,5544.19
2025-08-29,5538.04,5538.04
2025-09-01,5543.47,5524.75
2025-09-02,5524.62,5542.17
2025-09-03,5553.83,5495.47
2025-09-04,5484.44,5493.08
2025-09-05,5491.42,5510.04
2025-09-08,5503.25,5552.59
2025-09-09,5548.04,5565.03
2025-09-10,5555.37,5537.79
2025-09-11,5533.04,5559.81
2025-09-12,5556.28,5529.95
2025-09-15,5525.57,5511.14
2025-09-16,5524.19,5508.97
2025-09-17,5496.77,5522.29
2025-09-18,5521.52,5424.13
2025-09-19,5422.1,5468.73
2025-09-22,5464.71,5434.04
2025-09-23,5423.64,5454.06
2025-09-24,5437.97,5467.04
2025-09-25,5465.21,5440.51
2025-09-26,5433.83,5455.01
2025-09-29,5448.87,5474.39
2025-09-30,5471.93,5461.08
2025-10-09,5465.38,5502.38
2025-10-10,5486.61,5559.05
2025-10-13,5452.62,5534.32
2025-10-14,5543.25,5596.29
2025-10-15,5598.49,5620.2
2025-10-16,5608.36,5639.6
2025-10-17,5634.69,5596.32
2025-10-20,5609.08,5637.94
2025-10-21,5631.06,5640.36
2025-10-22,5624.83,5645.9
2025-10-23,5644.64,5691.9
2025-10-24,5668.68,5655.08
2025-10-27,5655.0,5681.5
2025-10-28,5676.32,5651.65
2025-10-29,5657.73,5653.75
2025-10-30,5648.91,5630.55
2025-10-31,5631.91,5627.67
2025-11-03,5636.5,5678.43
2025-11-04,5675.59,5699.45
2025-11-05,5679.89,5723.39
2025-11-06,5717.39,5745.9
2025-11-07,5742.6,5752.94
2025-11-10,5759.96,5795.39
2025-11-11,5788.39,5782.59
2025-11-12,5783.89,5786.42
2025-11-13,5785.13,5801.99
2025-11-14,5792.92,5767.56
2025-11-17,5763.71,5739.32
2025-11-18,5730.98,5659.78
2025-11-19,5661.61,5668.66
2025-11-20,5669.81,5656.04
2025-11-21,5641.7,5554.52
2025-11-24,5567.31,5527.17
2025-11-25,5542.39,5554.22
2025-11-26,5555.0,5530.79
2025-11-27,5532.36,5540.0
2025-11-28,5536.82,5545.84
2025-12-01,5560.05,5591.82
2025-12-02,5586.8,5584.86
2025-12-03,5582.01,5573.9
2025-12-04,5578.09,5552.96
2025-12-05,5549.31,5557.97
2025-12-08,5557.26,5527.42
2025-12-09,5522.81,5476.84
2025-12-10,5475.71,5481.58
2025-12-11,5481.05,5435.62
2025-12-12,5439.72,5426.72
2025-12-15,5408.65,5457.03
2025-12-16,5450.51,5414.32
2025-12-17,5410.95,5429.68
2025-12-18,5429.64,5473.71
2025-12-19,5467.59,5483.35
2025-12-22,5485.5,5458.23
2025-12-23,5458.91,5459.13
2025-12-24,5460.09,5472.24
2025-12-25,5474.27,5486.44
2025-12-26,5484.43,5513.75
2025-12-29,5516.4,5501.74
2025-12-30,5486.15,5499.21
2025-12-31,5505.1,5503.98
2026-01-05,5518.88,5525.12
2026-01-06,5530.86,5591.04
2026-01-07,5601.01,5592.91
2026-01-08,5593.54,5574.6
2026-01-09,5570.66,5592.68
2026-01-12,5587.06,5611.17
2026-01-13,5612.98,5591.97
2026-01-14,5593.3,5552.31
2026-01-15,5537.64,5541.7
2026-01-16,5552.36,5493.39
2026-01-19,5483.22,5538.89
2026-01-20,5542.32,5611.84
2026-01-21,5599.09,5577.54
2026-01-22,5580.92,5618.15
2026-01-23,5622.44,5611.48
2026-01-26,5616.04,5648.09
2026-01-27,5637.62,5599.92
2026-01-28,5603.03,5687.32
2026-01-29,5699.95,5757.64
2026-01-30,5733.2,5700.01
2026-02-02,5639.26,5521.87
2026-02-03,5554.18,5563.8
2026-02-04,5578.05,5712.03
2026-02-05,5687.03,5686.51
2026-02-06,5646.62,5671.12
2026-02-09,5691.73,5709.06
2026-02-10,5709.79,5730.01
2026-02-11,5723.19,5770.13
2026-02-12,5771.05,5751.64
2026-02-13,5733.67,5668.22
2026-02-24,5721.58,5754.41
2026-02-25,5758.6,5785.57
2026-02-26,5790.82,5768.92
2026-02-27,5760.66,5826.71
2026-03-02,5866.5,5905.25
2026-03-03,5918.27,5952.09
2026-03-04,5905.63,5856.15
2026-03-05,5850.89,5849.52
2026-03-06,5817.1,5860.51
2026-03-09,5929.21,5864.51
2026-03-10,5794.59,5820.49
2026-03-11,5811.09,5905.18
2026-03-12,5930.47,5976.53
2026-03-13,5977.91,5954.46
2026-03-16,5962.73,5912.37
2026-03-17,5899.91,5868.48
2026-03-18,5864.59,5833.4
2026-03-19,5836.46,5799.19
2026-03-20,5772.32,5772.65
2026-03-23,5757.88,5626.12
2026-03-24,5642.77,5712.79
2026-03-25,5694.0,5726.78
2026-03-26,5718.19,5729.34
2026-03-27,5698.35,5742.45
2026-03-30,5741.85,5795.51
2026-03-31,5790.48,5727.85
2026-04-01,5746.9,5731.25
2026-04-02,5730.4,5744.64
2026-04-03,5746.1,5649.43
2026-04-07,5654.97,5677.98
2026-04-08,5656.79,5723.65
2026-04-09,5702.96,5680.34
2026-04-10,5694.25,5692.53
2026-04-13,5699.72,5688.09
2026-04-14,5687.35,5700.24
2026-04-15,5699.03,5720.59
2026-04-16,5721.52,5734.51
2026-04-17,5725.02,5695.32
2026-04-20,5697.68,5702.51
2026-04-21,5700.38,5752.84
2026-04-22,5750.85,5752.38
2026-04-23,5748.97,5781.32
2026-04-24,5756.08,5776.34
2026-04-27,5755.37,5763.87
2026-04-28,5737.89,5828.88
2026-04-29,5822.8,5884.27
2026-04-30,5879.41,5865.07
2026-05-06,5851.88,5881.84
2026-05-07,5861.28,5787.2
2026-05-08,5791.79,5767.67
2026-05-11,5763.2,5783.46
2026-05-12,5786.77,5774.72
2026-05-13,5772.59,5748.08
2026-05-14,5743.28,5694.31
2026-05-15,5695.49,5680.37
2026-05-18,5678.26,5654.2
2026-05-19,5639.1,5662.36
2026-05-20,5647.94,5643.58
2026-05-21,5628.56,5554.67
2026-05-22,5563.25,5545.14
2026-05-25,5591.63,5572.23
2026-05-26,5547.46,5577.26
2026-05-27,5567.03,5527.16
2026-05-28,5511.49,5513.88
2026-05-29,5506.06,5578.69
2026-06-01,5581.57,5726.1
2026-06-02,5732.28,5708.55
2026-06-03,5682.57,5706.47
2026-06-04,5681.77,5681.52
2026-06-05,5666.17,5683.85
2026-06-08,5632.95,5633.62
2026-06-09,5601.03,5629.97
2026-06-10,5597.45,5588.98
2026-06-11,5587.56,5566.74
2026-06-12,5548.05,5649.5
2026-06-15,5629.04,5590.7
2026-06-16,5565.22,5493.67
2026-06-17,5481.29,5434.15
2026-06-18,5410.37,5316.65
2026-06-22,5302.59,5373.33
2026-06-23,5362.7,5342.69
2026-06-24,5340.85,5262.82
2026-06-25,5229.97,5198.51
2026-06-26,5196.03,5085.73
2026-06-29,5083.71,5120.71
2026-06-30,5103.91,5022.46
2026-07-01,5015.78,5108.21
2026-07-02,5104.78,5154.94
2026-07-03,5168.94,5207.46
2026-07-06,5198.15,5314.92
2026-07-07,5313.87,5239.37
2026-07-08,5231.84,5264.79
2026-07-09,5239.89,5200.44
2026-07-10,5169.17,5184.1
2026-07-13,5170.81,5198.11
2026-07-14,5195.83,5307.5
2026-07-15,5286.75,5378.84
2026-07-16,5357.86,5321.07
2026-07-17,5312.3,5281.81
2026-07-20,5297.87,5450.51
2026-07-21,5434.93,5391.09
2026-07-22,5378.64,5452.59
2026-07-23,5429.54,5505.69
2026-07-24,5495.44,5404.28
2026-07-27,5377.77,5434.0
2026-07-28,5407.22,5437.92
2026-07-29,5442.35,5519.12
