date,open,close
2010-06-01,986.02,973.23
2010-06-02,967.61,997.12
2010-06-03,1002.35,998.39
2010-06-04,989.68,1027.68
2010-06-07,1005.03,1069.47
2010-06-08,1067.32,1067.15
2010-06-09,1070.85,1077.82
2010-06-10,1077.68,1117.48
2010-06-11,1122.44,1122.2
2010-06-17,1126.13,1064.84
2010-06-18,1052.07,1000.28
2010-06-21,991.96,1040.8
2010-06-22,1037.04,1034.99
2010-06-23,1026.86,1047.34
2010-06-24,1046.76,1050.6
2010-06-25,1046.21,1016.28
2010-06-28,1009.22,987.83
2010-06-29,985.57,913.31
2010-06-30,898.29,919.31
2010-07-01,914.4,882.19
2010-07-02,878.95,873.12
2010-07-05,857.37,862.27
2010-07-06,859.26,893.72
2010-07-07,896.53,908.55
2010-07-08,912.0,905.51
2010-07-09,903.5,932.15
2010-07-12,931.53,930.17
2010-07-13,924.95,931.08
2010-07-14,929.75,922.36
2010-07-15,920.05,892.56
2010-07-16,885.07,892.3
2010-07-19,881.66,908.05
2010-07-20,909.54,937.02
2010-07-21,940.1,941.25
2010-07-22,938.22,950.21
2010-07-23,951.84,960.59
2010-07-26,962.76,966.15
2010-07-27,963.54,957.97
2010-07-28,955.19,972.53
2010-07-29,974.29,975.36
2010-07-30,971.66,968.43
2010-08-02,968.45,994.23
2010-08-03,995.2,975.65
2010-08-04,971.41,978.01
2010-08-05,980.27,987.35
2010-08-06,987.97,1011.39
2010-08-09,1013.24,1032.34
2010-08-10,1031.98,993.99
2010-08-11,991.28,1004.64
2010-08-12,994.05,991.78
2010-08-13,992.63,1007.21
2010-08-16,1007.5,1030.22
2010-08-17,1031.07,1033.58
2010-08-18,1033.71,1026.72
2010-08-19,1026.98,1025.53
2010-08-20,1021.46,995.94
2010-08-23,994.94,995.61
2010-08-24,993.58,1004.98
2010-08-25,1000.27,976.88
2010-08-26,978.6,980.63
2010-08-27,978.51,999.46
2010-08-30,1002.99,1024.93
2010-08-31,1020.75,1025.57
2010-09-01,1025.68,995.59
2010-09-02,1001.6,1014.92
2010-09-03,1017.64,1036.7
2010-09-06,1039.46,1010.76
2010-09-07,1010.11,1022.62
2010-09-08,1020.23,1026.33
2010-09-09,1029.11,1021.83
2010-09-10,1021.87,1034.94
2010-09-13,1034.39,1042.48
2010-09-14,1044.3,1031.22
2010-09-15,1029.52,990.1
2010-09-16,989.49,972.6
2010-09-17,976.07,972.23
2010-09-20,972.45,949.2
2010-09-21,952.07,934.46
2010-09-27,936.21,950.67
2010-09-28,949.63,942.05
2010-09-29,941.27,926.76
2010-09-30,923.83,942.54
2010-10-08,946.47,959.86
2010-10-11,960.91,947.11
2010-10-12,946.63,951.79
2010-10-13,951.33,962.74
2010-10-14,963.29,958.49
2010-10-15,954.12,944.25
2010-10-18,941.87,932.36
2010-10-19,932.83,995.92
2010-10-20,986.65,1004.54
2010-10-21,1001.68,991.84
2010-10-22,991.14,1013.45
2010-10-25,1018.08,1039.05
2010-10-26,1041.53,1036.01
2010-10-27,1034.86,1030.59
2010-10-28,1024.7,1038.62
2010-10-29,1042.4,1064.52
2010-11-01,1071.63,1107.52
2010-11-02,1108.09,1075.15
2010-11-03,1063.2,1040.62
2010-11-04,1041.42,1057.71
2010-11-05,1067.87,1072.22
2010-11-08,1077.5,1107.06
2010-11-09,1110.43,1115.65
2010-11-10,1115.74,1141.58
2010-11-11,1137.08,1132.72
2010-11-12,1126.85,1082.24
2010-11-15,1087.81,1148.54
2010-11-16,1154.41,1126.18
2010-11-17,1115.12,1085.35
2010-11-18,1090.14,1102.84
2010-11-19,1106.75,1153.17
2010-11-22,1153.26,1174.94
2010-11-23,1172.06,1183.5
2010-11-24,1176.42,1208.45
2010-11-25,1212.77,1186.36
2010-11-26,1184.8,1196.02
2010-11-29,1195.31,1220.11
2010-11-30,1219.08,1181.5
2010-12-01,1176.61,1177.18
2010-12-02,1187.1,1177.84
2010-12-03,1177.17,1157.94
2010-12-06,1157.72,1134.38
2010-12-07,1132.33,1161.69
2010-12-08,1160.92,1160.24
2010-12-09,1158.82,1144.53
2010-12-10,1139.83,1166.8
2010-12-13,1175.51,1209.27
2010-12-14,1211.46,1218.52
2010-12-15,1217.81,1211.8
2010-12-16,1209.62,1225.03
2010-12-17,1222.93,1232.98
2010-12-20,1235.67,1212.34
2010-12-21,1212.09,1215.02
2010-12-22,1214.77,1201.65
2010-12-23,1198.74,1176.36
2010-12-24,1170.69,1144.5
2010-12-27,1145.7,1105.3
2010-12-28,1098.94,1091.48
2010-12-29,1091.82,1113.31
2010-12-30,1113.56,1117.21
2010-12-31,1117.36,1137.66
2011-01-04,1142.17,1155.11
2011-01-05,1153.91,1155.35
2011-01-06,1153.63,1134.79
2011-01-07,1132.73,1126.52
2011-01-10,1124.34,1093.77
2011-01-11,1089.99,1078.36
2011-01-12,1083.12,1089.67
2011-01-13,1094.83,1093.86
2011-01-14,1092.09,1067.42
2011-01-17,1066.44,1028.16
2011-01-18,1021.84,1025.72
2011-01-19,1025.93,1048.54
2011-01-20,1047.77,1020.39
2011-01-21,1014.72,1024.51
2011-01-24,1024.79,994.97
2011-01-25,992.57,979.0
2011-01-26,978.07,995.74
2011-01-27,991.06,1013.02
2011-01-28,1013.64,1020.94
2011-01-31,1021.63,1029.12
2011-02-01,1029.67,1032.6
2011-02-09,1026.45,1025.15
2011-02-10,1026.25,1063.95
2011-02-11,1067.19,1071.58
2011-02-14,1072.31,1086.56
2011-02-15,1086.8,1087.72
2011-02-16,1086.77,1107.24
2011-02-17,1108.63,1115.33
2011-02-18,1114.45,1100.46
2011-02-21,1096.17,1117.67
2011-02-22,1118.61,1088.27
2011-02-23,1088.08,1114.05
2011-02-24,1112.43,1101.95
2011-02-25,1098.11,1095.1
2011-02-28,1096.34,1099.78
2011-03-01,1100.81,1098.0
2011-03-02,1094.97,1088.9
2011-03-03,1088.89,1064.31
2011-03-04,1063.43,1071.86
2011-03-07,1073.93,1078.11
2011-03-08,1079.53,1084.82
2011-03-09,1084.7,1087.3
2011-03-10,1088.34,1093.9
2011-03-11,1090.21,1101.76
2011-03-14,1099.32,1107.54
2011-03-15,1108.2,1094.95
2011-03-16,1094.12,1102.21
2011-03-17,1096.22,1078.37
2011-03-18,1081.6,1083.6
2011-03-21,1083.15,1070.6
2011-03-22,1072.39,1067.29
2011-03-23,1066.17,1076.56
2011-03-24,1078.02,1077.99
2011-03-25,1077.34,1072.34
2011-03-28,1072.89,1052.11
2011-03-29,1050.29,1019.04
2011-03-30,1017.16,1006.37
2011-03-31,1006.72,1008.3
2011-04-01,1006.04,1015.08
2011-04-06,1011.68,994.26
2011-04-07,993.38,1004.41
2011-04-08,1004.14,1019.14
2011-04-11,1021.3,1002.8
2011-04-12,1000.77,1000.16
2011-04-13,999.53,1020.75
2011-04-14,1021.1,1016.62
2011-04-15,1015.97,1010.06
2011-04-18,1008.48,1003.26
2011-04-19,1000.88,994.3
2011-04-20,993.94,1008.18
2011-04-21,1007.98,1010.56
2011-04-22,1008.17,1004.65
2011-04-25,1001.08,975.17
2011-04-26,970.96,958.29
2011-04-27,956.77,942.54
2011-04-28,941.2,904.15
2011-04-29,901.16,912.72
2011-05-03,911.79,922.07
2011-05-04,919.67,903.98
2011-05-05,901.47,914.59
2011-05-06,910.14,918.28
2011-05-09,920.12,931.77
2011-05-10,932.88,931.21
2011-05-11,931.51,929.95
2011-05-12,927.15,909.26
2011-05-13,909.24,909.77
2011-05-16,911.34,906.34
2011-05-17,903.98,895.15
2011-05-18,891.99,890.79
2011-05-19,891.48,884.89
2011-05-20,884.06,875.43
2011-05-23,873.31,840.9
2011-05-24,836.79,870.94
2011-05-25,867.68,842.35
2011-05-26,843.62,830.92
2011-05-27,830.6,822.94
2011-05-30,819.87,834.32
2011-05-31,836.35,846.32
2011-06-01,846.48,851.17
2011-06-02,841.52,833.74
2011-06-03,833.44,847.54
2011-06-07,845.25,847.71
2011-06-08,846.67,844.98
2011-06-09,843.58,828.02
2011-06-10,825.55,824.03
2011-06-13,820.24,829.36
2011-06-14,829.51,838.47
2011-06-15,837.53,827.53
2011-06-16,822.37,810.71
2011-06-17,809.16,802.64
2011-06-20,800.62,791.76
2011-06-21,791.99,795.61
2011-06-22,797.42,791.51
2011-06-23,790.7,814.44
2011-06-24,812.3,832.32
2011-06-27,832.62,843.86
2011-06-28,843.98,844.18
2011-06-29,844.85,836.38
2011-06-30,834.82,845.92
2011-07-01,847.54,855.27
2011-07-04,856.5,876.17
2011-07-05,877.52,883.42
2011-07-06,881.6,894.28
2011-07-07,893.6,899.8
2011-07-08,899.47,894.91
2011-07-11,894.07,903.31
2011-07-12,895.49,891.52
2011-07-13,890.3,913.09
2011-07-14,913.49,932.78
2011-07-15,935.54,951.14
2011-07-18,952.03,946.12
2011-07-19,940.42,927.3
2011-07-20,932.21,930.83
2011-07-21,930.26,915.37
2011-07-22,917.63,923.99
2011-07-25,920.85,887.06
2011-07-26,884.02,892.54
2011-07-27,890.03,915.55
2011-07-28,907.25,919.4
2011-07-29,919.53,913.28
2011-08-01,911.94,927.38
2011-08-02,923.09,932.12
2011-08-03,922.81,945.51
2011-08-04,944.83,937.47
2011-08-05,905.16,919.18
2011-08-08,908.08,877.44
2011-08-09,849.0,878.76
2011-08-10,891.22,891.75
2011-08-11,873.12,915.49
2011-08-12,920.29,926.3
2011-08-15,928.98,942.48
2011-08-16,942.95,933.14
2011-08-17,932.01,936.16
2011-08-18,934.58,915.68
2011-08-19,895.65,912.42
2011-08-22,913.6,910.61
2011-08-23,912.35,936.42
2011-08-24,940.42,940.2
2011-08-25,942.64,942.94
2011-08-26,940.53,952.81
2011-08-29,951.55,954.03
2011-08-30,957.29,934.18
2011-08-31,931.79,921.49
2011-09-01,921.97,917.75
2011-09-02,916.07,909.85
2011-09-05,902.37,883.87
2011-09-06,876.71,874.74
2011-09-07,877.87,899.61
2011-09-08,903.25,891.93
2011-09-09,889.47,881.58
2011-09-13,870.04,861.92
2011-09-14,864.08,876.95
2011-09-15,877.93,875.86
2011-09-16,878.56,874.88
2011-09-19,871.88,854.71
2011-09-20,850.97,856.81
2011-09-21,856.8,881.03
2011-09-22,876.25,852.92
2011-09-23,840.18,843.48
2011-09-26,842.0,829.35
2011-09-27,833.64,830.88
2011-09-28,834.03,817.52
2011-09-29,813.26,791.89
2011-09-30,792.76,791.13
2011-10-10,792.97,790.04
2011-10-11,806.7,786.15
2011-10-12,783.43,816.14
2011-10-13,816.53,833.02
2011-10-14,830.48,830.2
2011-10-17,832.86,832.29
2011-10-18,826.53,806.6
2011-10-19,807.21,804.44
2011-10-20,801.03,778.95
2011-10-21,777.03,763.3
2011-10-24,761.43,772.41
2011-10-25,770.84,797.86
2011-10-26,794.29,811.13
2011-10-27,810.72,810.92
2011-10-28,820.42,833.42
2011-10-31,834.3,852.8
2011-11-01,843.8,853.36
2011-11-02,837.07,881.05
2011-11-03,885.87,877.66
2011-11-04,881.62,882.25
2011-11-07,880.15,878.76
2011-11-08,878.45,862.36
2011-11-09,866.91,891.12
2011-11-10,881.69,895.27
2011-11-11,893.72,891.19
2011-11-14,899.11,915.98
2011-11-15,916.62,920.97
2011-11-16,921.3,893.51
2011-11-17,893.79,898.34
2011-11-18,892.63,869.19
2011-11-21,866.98,863.13
2011-11-22,856.2,868.43
2011-11-23,868.78,864.81
2011-11-24,856.67,868.14
2011-11-25,866.99,863.5
2011-11-28,864.38,866.84
2011-11-29,872.2,880.31
2011-11-30,878.68,838.11
2011-12-01,861.55,852.87
2011-12-02,849.18,829.18
2011-12-05,825.6,792.5
2011-12-06,788.44,798.1
2011-12-07,797.18,802.63
2011-12-08,799.49,809.43
2011-12-09,802.13,798.84
2011-12-12,798.81,790.79
2011-12-13,787.08,768.92
2011-12-14,766.18,755.76
2011-12-15,751.55,746.56
2011-12-16,745.52,778.78
2011-12-19,774.65,793.44
2011-12-20,791.82,781.42
2011-12-21,786.98,761.34
2011-12-22,754.48,757.9
2011-12-23,754.89,761.44
2011-12-26,760.67,753.05
2011-12-27,749.61,727.17
2011-12-28,721.84,717.55
2011-12-29,714.58,716.55
2011-12-30,718.03,729.5
2012-01-04,734.74,707.11
2012-01-05,700.32,666.91
2012-01-06,662.65,669.02
2012-01-09,667.86,692.42
2012-01-10,691.65,716.45
2012-01-11,715.04,717.94
2012-01-12,715.82,709.89
2012-01-13,709.05,666.08
2012-01-16,657.8,633.91
2012-01-17,630.78,662.69
2012-01-18,662.94,624.91
2012-01-19,621.65,632.8
2012-01-20,634.83,646.38
2012-01-30,649.42,651.25
2012-01-31,649.37,648.68
2012-02-01,647.49,650.78
2012-02-02,652.06,665.4
2012-02-03,665.35,680.05
2012-02-06,681.04,686.51
2012-02-07,683.88,673.68
2012-02-08,673.07,692.3
2012-02-09,692.36,697.79
2012-02-10,696.53,698.85
2012-02-13,694.24,714.96
2012-02-14,714.75,712.3
2012-02-15,711.62,724.75
2012-02-16,723.43,721.83
2012-02-17,722.62,717.8
2012-02-20,726.88,721.1
2012-02-21,719.29,736.88
2012-02-22,737.78,759.56
2012-02-23,760.67,756.9
2012-02-24,756.16,762.29
2012-02-27,763.96,760.37
2012-02-28,757.45,747.77
2012-02-29,747.22,735.34
2012-03-01,734.25,743.15
2012-03-02,743.85,757.67
2012-03-05,759.65,759.37
2012-03-06,758.08,750.84
2012-03-07,743.05,749.27
2012-03-08,751.98,761.7
2012-03-09,764.48,777.69
2012-03-12,779.51,786.05
2012-03-13,785.53,792.38
2012-03-14,795.12,756.46
2012-03-15,754.53,746.44
2012-03-16,748.05,765.56
2012-03-19,764.95,779.56
2012-03-20,777.39,755.58
2012-03-21,758.89,751.79
2012-03-22,750.45,750.85
2012-03-23,748.87,737.89
2012-03-26,735.16,737.21
2012-03-27,739.44,735.73
2012-03-28,732.68,698.49
2012-03-29,692.37,683.96
2012-03-30,682.28,678.52
2012-04-05,677.76,697.75
2012-04-06,697.86,701.9
2012-04-09,699.87,689.72
2012-04-10,686.48,697.17
2012-04-11,689.85,698.49
2012-04-12,699.42,713.12
2012-04-13,715.04,718.96
2012-04-16,714.85,716.23
2012-04-17,716.53,709.14
2012-04-18,710.14,723.46
2012-04-19,723.83,725.12
2012-04-20,724.13,728.72
2012-04-23,724.9,690.43
2012-04-24,680.61,681.53
2012-04-25,679.75,682.52
2012-04-26,683.02,678.44
2012-04-27,677.55,685.13
2012-05-02,692.35,693.61
2012-05-03,693.4,699.31
2012-05-04,699.88,713.19
2012-05-07,710.98,733.05
2012-05-08,733.83,731.72
2012-05-09,727.6,719.35
2012-05-10,718.24,727.29
2012-05-11,726.56,721.08
2012-05-14,725.52,719.87
2012-05-15,714.58,720.12
2012-05-16,718.71,709.96
2012-05-17,709.5,716.17
2012-05-18,711.69,706.22
2012-05-21,705.86,704.8
2012-05-22,706.92,714.66
2012-05-23,715.03,713.02
2012-05-24,711.69,712.58
2012-05-25,713.04,702.72
2012-05-28,699.64,706.47
2012-05-29,705.79,720.45
2012-05-30,720.57,727.19
2012-05-31,724.46,734.45
2012-06-01,733.62,734.26
2012-06-04,721.68,717.1
2012-06-05,718.11,715.93
2012-06-06,717.13,715.24
2012-06-07,721.56,711.43
2012-06-08,716.42,713.92
2012-06-11,714.12,734.5
2012-06-12,731.04,735.29
2012-06-13,735.6,746.51
2012-06-14,745.76,740.97
2012-06-15,742.38,742.27
2012-06-18,744.05,752.98
2012-06-19,751.27,747.49
2012-06-20,747.64,748.39
2012-06-21,746.61,739.05
2012-06-25,736.18,720.6
2012-06-26,716.3,715.92
2012-06-27,715.52,718.93
2012-06-28,719.09,711.14
2012-06-29,708.11,726.68
2012-07-02,730.77,741.19
2012-07-03,742.2,743.9
2012-07-04,744.7,739.62
2012-07-05,738.49,724.31
2012-07-06,727.69,737.29
2012-07-09,733.66,722.28
2012-07-10,719.89,713.53
2012-07-11,710.89,719.3
2012-07-12,718.62,734.32
2012-07-13,731.49,725.79
2012-07-16,722.82,691.39
2012-07-17,687.74,697.0
2012-07-18,695.92,702.14
2012-07-19,701.23,709.17
2012-07-20,707.83,706.25
2012-07-23,703.2,704.57
2012-07-24,700.58,706.4
2012-07-25,704.7,708.3
2012-07-26,707.77,706.73
2012-07-27,707.97,703.58
2012-07-30,703.7,688.47
2012-07-31,686.54,676.96
2012-08-01,677.53,689.49
2012-08-02,688.33,690.98
2012-08-03,691.79,711.93
2012-08-06,708.26,730.42
2012-08-07,729.63,736.01
2012-08-08,734.88,730.07
2012-08-09,729.5,743.2
2012-08-10,743.29,743.07
2012-08-13,742.38,727.64
2012-08-14,726.84,736.35
2012-08-15,734.87,729.73
2012-08-16,728.66,723.53
2012-08-17,721.33,721.05
2012-08-20,718.14,730.87
2012-08-21,730.29,748.94
2012-08-22,749.0,746.85
2012-08-23,745.47,750.56
2012-08-24,747.73,733.31
2012-08-27,731.67,722.57
2012-08-28,720.83,727.62
2012-08-29,726.7,726.94
2012-08-30,727.21,704.04
2012-08-31,701.37,706.63
2012-09-03,703.81,723.87
2012-09-04,724.7,722.72
2012-09-05,721.07,730.62
2012-09-06,732.46,739.74
2012-09-07,744.65,759.46
2012-09-10,759.69,762.31
2012-09-11,761.55,761.73
2012-09-12,763.04,762.51
2012-09-13,761.78,749.89
2012-09-14,753.6,744.46
2012-09-17,742.69,724.15
2012-09-18,722.38,723.61
2012-09-19,724.89,728.25
2012-09-20,727.96,706.69
2012-09-21,703.42,691.14
2012-09-24,685.99,690.34
2012-09-25,688.21,682.34
2012-09-26,680.47,661.49
2012-09-27,662.78,676.96
2012-09-28,674.19,689.64
2012-10-08,690.35,690.77
2012-10-09,691.39,712.7
2012-10-10,712.15,721.85
2012-10-11,720.39,711.8
2012-10-12,711.83,708.87
2012-10-15,706.23,701.96
2012-10-16,700.94,705.39
2012-10-17,706.09,709.09
2012-10-18,709.29,720.52
2012-10-19,720.85,719.45
2012-10-22,716.53,724.28
2012-10-23,723.83,711.26
2012-10-24,707.31,707.75
2012-10-25,707.88,697.44
2012-10-26,695.89,685.33
2012-10-29,684.34,688.12
2012-10-30,688.51,689.61
2012-10-31,689.63,691.65
2012-11-01,692.06,701.78
2012-11-02,702.03,701.38
2012-11-05,700.11,692.87
2012-11-06,693.36,690.5
2012-11-07,689.79,689.75
2012-11-08,684.89,675.85
2012-11-09,674.59,672.67
2012-11-12,674.76,676.6
2012-11-13,676.26,667.33
2012-11-14,666.4,665.19
2012-11-15,662.9,659.21
2012-11-16,659.38,656.2
2012-11-19,654.78,656.94
2012-11-20,657.4,656.61
2012-11-21,656.44,660.03
2012-11-22,659.13,651.83
2012-11-23,652.94,651.43
2012-11-26,651.06,638.88
2012-11-27,635.26,616.28
2012-11-28,611.91,607.67
2012-11-29,607.17,603.17
2012-11-30,602.95,606.77
2012-12-03,605.6,593.66
2012-12-04,592.4,600.8
2012-12-05,599.45,624.82
2012-12-06,625.16,624.32
2012-12-07,624.15,637.49
2012-12-10,638.24,646.32
2012-12-11,645.25,641.17
2012-12-12,639.91,639.51
2012-12-13,638.09,632.18
2012-12-14,631.45,656.22
2012-12-17,656.75,649.61
2012-12-18,648.56,646.05
2012-12-19,645.14,652.1
2012-12-20,652.04,658.31
2012-12-21,658.54,668.09
2012-12-24,666.28,679.76
2012-12-25,679.57,694.12
2012-12-26,693.29,709.08
2012-12-27,709.91,699.57
2012-12-28,698.91,707.67
2012-12-31,708.24,713.86
2013-01-04,717.3,705.34
2013-01-07,704.37,718.11
2013-01-08,718.43,733.14
2013-01-09,732.01,734.51
2013-01-10,734.31,741.18
2013-01-11,740.9,731.59
2013-01-14,735.65,760.55
2013-01-15,763.63,778.6
2013-01-16,777.04,774.49
2013-01-17,773.79,768.31
2013-01-18,771.31,787.39
2013-01-21,788.07,792.6
2013-01-22,792.31,775.14
2013-01-23,773.74,778.48
2013-01-24,778.64,757.87
2013-01-25,757.61,762.85
2013-01-28,764.09,784.76
2013-01-29,785.76,791.67
2013-01-30,791.96,783.68
2013-01-31,784.11,776.01
2013-02-01,775.11,782.36
2013-02-04,783.74,771.9
2013-02-05,768.41,780.98
2013-02-06,781.32,791.26
2013-02-07,792.86,805.59
2013-02-08,804.96,823.03
2013-02-18,829.66,835.28
2013-02-19,834.97,819.71
2013-02-20,819.03,850.86
2013-02-21,846.64,839.3
2013-02-22,837.13,838.76
2013-02-25,838.88,855.69
2013-02-26,853.28,851.22
2013-02-27,852.13,846.09
2013-02-28,846.34,861.1
2013-03-01,860.8,884.89
2013-03-04,880.25,863.5
2013-03-05,861.23,888.1
2013-03-06,890.23,902.9
2013-03-07,902.41,877.34
2013-03-08,877.73,864.7
2013-03-11,863.12,869.15
2013-03-12,869.72,839.84
2013-03-13,835.46,834.05
2013-03-14,832.29,842.04
2013-03-15,841.71,853.91
2013-03-18,852.15,852.12
2013-03-19,850.06,842.69
2013-03-20,842.71,866.27
2013-03-21,867.9,882.73
2013-03-22,881.9,882.0
2013-03-25,882.75,881.76
2013-03-26,878.56,876.36
2013-03-27,876.55,882.75
2013-03-28,877.85,867.51
2013-03-29,868.09,866.46
2013-04-01,866.65,877.0
2013-04-02,875.33,845.16
2013-04-03,842.37,835.14
2013-04-08,824.78,853.48
2013-04-09,854.51,861.99
2013-04-10,861.27,850.53
2013-04-11,853.14,847.78
2013-04-12,847.2,846.61
2013-04-15,844.11,836.34
2013-04-16,828.94,846.05
2013-04-17,845.09,867.51
2013-04-18,862.7,873.48
2013-04-19,874.88,892.21
2013-04-22,890.93,916.02
2013-04-23,916.42,893.79
2013-04-24,894.69,923.41
2013-04-25,924.22,903.63
2013-04-26,902.0,889.38
2013-05-02,887.08,913.65
2013-05-03,916.01,939.21
2013-05-06,941.09,958.02
2013-05-07,956.42,957.44
2013-05-08,960.98,980.08
2013-05-09,978.94,992.16
2013-05-10,989.15,988.3
2013-05-13,989.37,995.11
2013-05-14,992.62,976.33
2013-05-15,976.95,1012.66
2013-05-16,1010.95,1009.53
2013-05-17,1006.47,1023.4
2013-05-20,1025.17,1051.65
2013-05-21,1049.6,1073.58
2013-05-22,1067.44,1039.81
2013-05-23,1035.31,1042.9
2013-05-24,1044.29,1073.78
2013-05-27,1075.83,1089.72
2013-05-28,1089.77,1059.0
2013-05-29,1055.6,1065.96
2013-05-30,1063.0,1073.87
2013-05-31,1074.48,1073.02
2013-06-03,1070.73,1052.14
2013-06-04,1049.1,1022.46
2013-06-05,1021.02,1032.76
2013-06-06,1027.05,1022.13
2013-06-07,1022.56,1030.14
2013-06-13,1019.47,1029.28
2013-06-14,1029.93,1068.15
2013-06-17,1074.53,1073.69
2013-06-18,1073.31,1072.93
2013-06-19,1064.74,1067.63
2013-06-20,1060.38,1029.53
2013-06-21,1007.87,1025.5
2013-06-24,1023.22,971.45
2013-06-25,958.35,984.75
2013-06-26,984.94,1038.98
2013-06-27,1043.66,1022.5
2013-06-28,1012.64,1011.66
2013-07-01,1011.27,1055.84
2013-07-02,1056.91,1083.25
2013-07-03,1079.65,1104.58
2013-07-04,1097.77,1087.9
2013-07-05,1087.69,1057.27
2013-07-08,1035.94,1030.6
2013-07-09,1028.56,1050.72
2013-07-10,1049.21,1068.86
2013-07-11,1066.7,1080.78
2013-07-12,1079.33,1096.3
2013-07-15,1096.19,1139.57
2013-07-16,1141.57,1143.2
2013-07-17,1140.73,1129.48
2013-07-18,1124.79,1127.97
2013-07-19,1125.77,1116.01
2013-07-22,1109.96,1153.77
2013-07-23,1161.08,1178.59
2013-07-24,1181.36,1203.31
2013-07-25,1205.62,1150.39
2013-07-26,1150.25,1158.35
2013-07-29,1155.81,1136.98
2013-07-30,1137.15,1124.1
2013-07-31,1126.1,1134.02
2013-08-01,1135.45,1190.11
2013-08-02,1196.17,1188.85
2013-08-05,1186.73,1202.83
2013-08-06,1202.09,1211.69
2013-08-07,1208.5,1175.7
2013-08-08,1172.09,1185.96
2013-08-09,1185.64,1172.52
2013-08-12,1174.09,1161.87
2013-08-13,1161.49,1172.33
2013-08-14,1175.63,1180.66
2013-08-15,1177.85,1167.09
2013-08-16,1158.96,1132.09
2013-08-19,1126.64,1171.4
2013-08-20,1170.99,1175.78
2013-08-21,1173.61,1181.34
2013-08-22,1180.19,1197.13
2013-08-23,1200.68,1219.83
2013-08-26,1220.98,1238.17
2013-08-27,1238.27,1250.75
2013-08-28,1244.01,1228.0
2013-08-29,1224.61,1226.3
2013-08-30,1221.87,1185.15
2013-09-02,1179.32,1210.19
2013-09-03,1217.77,1234.59
2013-09-04,1233.5,1236.35
2013-09-05,1233.82,1267.26
2013-09-06,1267.84,1282.75
2013-09-09,1282.65,1275.91
2013-09-10,1277.87,1263.59
2013-09-11,1256.66,1220.71
2013-09-12,1215.69,1220.63
2013-09-13,1221.15,1253.45
2013-09-16,1254.47,1278.8
2013-09-17,1279.26,1269.36
2013-09-18,1268.34,1289.64
2013-09-23,1292.76,1326.09
2013-09-24,1325.89,1328.4
2013-09-25,1324.19,1323.04
2013-09-26,1318.52,1306.34
2013-09-27,1305.51,1323.76
2013-09-30,1329.56,1367.91
2013-10-08,1376.37,1387.66
2013-10-09,1385.96,1415.83
2013-10-10,1422.36,1378.15
2013-10-11,1377.98,1379.9
2013-10-14,1374.47,1393.6
2013-10-15,1397.21,1389.75
2013-10-16,1393.01,1335.1
2013-10-17,1339.31,1322.99
2013-10-18,1327.1,1349.94
2013-10-21,1358.88,1400.97
2013-10-22,1401.47,1350.47
2013-10-23,1336.23,1311.23
2013-10-24,1307.11,1295.93
2013-10-25,1298.72,1269.17
2013-10-28,1264.14,1279.05
2013-10-29,1276.27,1261.68
2013-10-30,1256.24,1273.29
2013-10-31,1266.56,1235.56
2013-11-01,1227.69,1221.96
2013-11-04,1217.28,1222.46
2013-11-05,1217.64,1260.03
2013-11-06,1255.47,1241.79
2013-11-07,1234.24,1224.05
2013-11-08,1215.68,1211.11
2013-11-11,1208.26,1212.69
2013-11-12,1213.31,1228.35
2013-11-13,1226.53,1212.08
2013-11-14,1207.45,1249.67
2013-11-15,1248.26,1269.05
2013-11-18,1275.55,1291.15
2013-11-19,1293.06,1298.17
2013-11-20,1299.68,1299.26
2013-11-21,1295.93,1298.95
2013-11-22,1298.47,1295.07
2013-11-25,1290.84,1293.8
2013-11-26,1291.62,1291.85
2013-11-27,1290.19,1329.48
2013-11-28,1333.05,1336.66
2013-11-29,1335.63,1366.83
2013-12-02,1296.7,1253.93
2013-12-03,1223.38,1255.33
2013-12-04,1249.59,1240.29
2013-12-05,1234.5,1202.07
2013-12-06,1196.32,1206.78
2013-12-09,1211.39,1241.72
2013-12-10,1244.57,1231.92
2013-12-11,1230.78,1244.51
2013-12-12,1242.15,1279.32
2013-12-13,1274.17,1278.14
2013-12-16,1279.06,1279.96
2013-12-17,1278.53,1267.67
2013-12-18,1267.77,1256.0
2013-12-19,1253.43,1256.08
2013-12-20,1255.82,1253.71
2013-12-23,1251.41,1242.81
2013-12-24,1242.0,1258.82
2013-12-25,1262.0,1288.34
2013-12-26,1290.87,1269.54
2013-12-27,1265.08,1294.3
2013-12-30,1294.42,1307.99
2013-12-31,1302.67,1304.44
2014-01-02,1302.3,1333.0
2014-01-03,1332.35,1352.84
2014-01-06,1350.31,1323.33
2014-01-07,1315.44,1352.28
2014-01-08,1363.31,1405.02
2014-01-09,1401.8,1380.24
2014-01-10,1373.52,1353.3
2014-01-13,1352.01,1362.79
2014-01-14,1364.8,1400.92
2014-01-15,1399.67,1415.32
2014-01-16,1415.57,1395.16
2014-01-17,1395.03,1395.51
2014-01-20,1393.88,1372.74
2014-01-21,1370.69,1407.15
2014-01-22,1407.46,1431.74
2014-01-23,1433.7,1461.53
2014-01-24,1458.21,1484.43
2014-01-27,1477.46,1477.67
2014-01-28,1476.59,1471.34
2014-01-29,1472.54,1496.53
2014-01-30,1494.12,1495.98
2014-02-07,1489.05,1532.69
2014-02-10,1536.99,1553.42
2014-02-11,1550.62,1527.15
2014-02-12,1527.1,1539.97
2014-02-13,1537.26,1485.13
2014-02-14,1484.56,1515.78
2014-02-17,1521.17,1558.62
2014-02-18,1558.74,1545.34
2014-02-19,1544.64,1544.4
2014-02-20,1545.26,1515.16
2014-02-21,1512.17,1519.67
2014-02-24,1517.97,1540.03
2014-02-25,1543.97,1472.69
2014-02-26,1452.06,1465.99
2014-02-27,1467.27,1414.66
2014-02-28,1410.4,1434.89
2014-03-03,1433.9,1465.14
2014-03-04,1462.26,1460.45
2014-03-05,1467.06,1464.58
2014-03-06,1461.12,1462.53
2014-03-07,1463.93,1460.61
2014-03-10,1446.06,1407.07
2014-03-11,1399.9,1395.81
2014-03-12,1390.86,1399.27
2014-03-13,1401.55,1436.86
2014-03-14,1433.46,1434.02
2014-03-17,1436.11,1477.42
2014-03-18,1479.38,1485.64
2014-03-19,1481.49,1466.22
2014-03-20,1463.07,1417.66
2014-03-21,1405.9,1419.84
2014-03-24,1411.78,1397.29
2014-03-25,1392.14,1394.82
2014-03-26,1396.91,1417.61
2014-03-27,1415.55,1367.96
2014-03-28,1363.87,1330.5
2014-03-31,1327.23,1327.8
2014-04-01,1327.18,1355.05
2014-04-02,1356.68,1327.98
2014-04-03,1326.81,1326.18
2014-04-04,1323.41,1346.74
2014-04-08,1335.39,1351.18
2014-04-09,1355.37,1370.46
2014-04-10,1374.61,1381.14
2014-04-11,1370.4,1363.9
2014-04-14,1367.75,1372.73
2014-04-15,1375.69,1369.89
2014-04-16,1365.83,1359.3
2014-04-17,1360.75,1367.59
2014-04-18,1365.36,1377.42
2014-04-21,1367.93,1363.85
2014-04-22,1361.58,1336.19
2014-04-23,1332.93,1326.44
2014-04-24,1325.86,1319.51
2014-04-25,1316.37,1291.9
2014-04-28,1283.64,1257.26
2014-04-29,1253.24,1266.54
2014-04-30,1266.34,1283.21
2014-05-05,1281.16,1302.15
2014-05-06,1301.59,1316.86
2014-05-07,1313.38,1290.03
2014-05-08,1284.44,1279.84
2014-05-09,1279.68,1258.58
2014-05-12,1263.92,1278.28
2014-05-13,1274.57,1276.24
2014-05-14,1273.21,1278.66
2014-05-15,1276.64,1253.88
2014-05-16,1250.38,1226.47
2014-05-19,1224.65,1228.37
2014-05-20,1239.65,1244.65
2014-05-21,1241.02,1257.8
2014-05-22,1259.87,1269.51
2014-05-23,1269.18,1296.0
2014-05-26,1301.87,1320.76
2014-05-27,1319.66,1306.28
2014-05-28,1306.29,1338.97
2014-05-29,1338.3,1314.21
2014-05-30,1312.3,1318.13
2014-06-03,1317.99,1319.63
2014-06-04,1318.33,1321.72
2014-06-05,1320.14,1355.48
2014-06-06,1354.91,1350.45
2014-06-09,1348.77,1326.68
2014-06-10,1327.11,1353.87
2014-06-11,1350.38,1367.39
2014-06-12,1364.41,1363.74
2014-06-13,1361.09,1382.73
2014-06-16,1384.16,1395.61
2014-06-17,1396.38,1377.43
2014-06-18,1377.58,1363.99
2014-06-19,1363.45,1320.66
2014-06-20,1319.11,1333.98
2014-06-23,1335.18,1361.28
2014-06-24,1360.08,1369.44
2014-06-25,1368.66,1358.71
2014-06-26,1360.2,1386.27
2014-06-27,1388.38,1388.82
2014-06-30,1388.47,1404.71
2014-07-01,1405.44,1411.74
2014-07-02,1413.17,1419.94
2014-07-03,1419.81,1422.6
2014-07-04,1421.68,1411.64
2014-07-07,1411.99,1393.89
2014-07-08,1392.35,1410.73
2014-07-09,1410.39,1384.58
2014-07-10,1384.45,1363.88
2014-07-11,1361.57,1359.34
2014-07-14,1358.17,1367.07
2014-07-15,1364.08,1341.27
2014-07-16,1338.92,1318.62
2014-07-17,1315.09,1312.81
2014-07-18,1309.96,1305.92
2014-07-21,1304.72,1306.97
2014-07-22,1306.32,1329.35
2014-07-23,1330.14,1293.09
2014-07-24,1291.49,1271.88
2014-07-25,1271.43,1285.77
2014-07-28,1289.1,1314.53
2014-07-29,1315.75,1331.76
2014-07-30,1330.19,1342.74
2014-07-31,1342.73,1344.54
2014-08-01,1339.98,1325.94
2014-08-04,1325.01,1329.82
2014-08-05,1330.32,1360.69
2014-08-06,1357.53,1365.74
2014-08-07,1365.18,1362.03
2014-08-08,1368.06,1377.45
2014-08-11,1379.47,1397.78
2014-08-12,1398.15,1396.44
2014-08-13,1396.26,1384.31
2014-08-14,1384.72,1380.3
2014-08-15,1382.87,1392.45
2014-08-18,1394.64,1428.74
2014-08-19,1436.42,1436.4
2014-08-20,1438.29,1427.4
2014-08-21,1428.63,1447.88
2014-08-22,1450.1,1461.72
2014-08-25,1461.21,1443.81
2014-08-26,1440.7,1411.15
2014-08-27,1411.76,1420.54
2014-08-28,1423.34,1403.8
2014-08-29,1400.84,1424.47
2014-09-01,1428.37,1452.84
2014-09-02,1457.51,1465.03
2014-09-03,1468.09,1477.67
2014-09-04,1478.33,1495.51
2014-09-05,1497.99,1489.84
2014-09-09,1492.45,1494.02
2014-09-10,1491.41,1504.91
2014-09-11,1506.0,1513.01
2014-09-12,1512.4,1524.12
2014-09-15,1522.57,1526.14
2014-09-16,1527.07,1473.13
2014-09-17,1473.52,1479.12
2014-09-18,1477.31,1490.79
2014-09-19,1492.1,1499.12
2014-09-22,1496.96,1483.35
2014-09-23,1485.51,1500.99
2014-09-24,1501.04,1517.42
2014-09-25,1520.1,1508.42
2014-09-26,1506.31,1511.36
2014-09-29,1515.38,1526.18
2014-09-30,1527.26,1540.87
2014-10-08,1543.59,1557.57
2014-10-09,1562.1,1561.17
2014-10-10,1559.93,1554.22
2014-10-13,1548.18,1548.33
2014-10-14,1546.67,1539.12
2014-10-15,1539.35,1545.62
2014-10-16,1539.86,1526.56
2014-10-17,1527.46,1511.05
2014-10-20,1513.42,1532.38
2014-10-21,1535.07,1517.48
2014-10-22,1518.8,1504.55
2014-10-23,1500.55,1477.84
2014-10-24,1478.34,1477.59
2014-10-27,1473.66,1492.01
2014-10-28,1495.69,1522.05
2014-10-29,1525.98,1530.08
2014-10-30,1532.91,1525.77
2014-10-31,1527.61,1513.27
2014-11-03,1513.25,1529.89
2014-11-04,1531.82,1516.4
2014-11-05,1514.77,1512.49
2014-11-06,1513.72,1532.52
2014-11-07,1535.49,1522.63
2014-11-10,1525.2,1514.82
2014-11-11,1513.53,1461.51
2014-11-12,1457.24,1475.75
2014-11-13,1473.74,1442.86
2014-11-14,1438.97,1441.21
2014-11-17,1444.06,1471.69
2014-11-18,1471.08,1481.86
2014-11-19,1488.46,1505.55
2014-11-20,1504.58,1494.59
2014-11-21,1493.16,1504.83
2014-11-24,1513.43,1507.81
2014-11-25,1510.62,1541.92
2014-11-26,1544.69,1554.22
2014-11-27,1557.77,1563.41
2014-11-28,1562.83,1570.85
2014-12-01,1569.65,1552.31
2014-12-02,1554.46,1565.42
2014-12-03,1568.47,1604.45
2014-12-04,1604.89,1621.85
2014-12-05,1626.12,1581.91
2014-12-08,1575.3,1567.16
2014-12-09,1557.02,1504.62
2014-12-10,1499.33,1572.69
2014-12-11,1572.61,1587.67
2014-12-12,1588.24,1623.57
2014-12-15,1623.6,1657.5
2014-12-16,1665.3,1649.58
2014-12-17,1639.15,1644.21
2014-12-18,1641.58,1634.05
2014-12-19,1627.8,1596.81
2014-12-22,1583.96,1517.93
2014-12-23,1501.53,1496.53
2014-12-24,1502.67,1519.8
2014-12-25,1522.0,1529.47
2014-12-26,1531.2,1536.08
2014-12-29,1531.12,1499.4
2014-12-30,1491.1,1460.11
2014-12-31,1455.68,1471.76
2015-01-05,1470.58,1464.77
2015-01-06,1458.57,1539.83
2015-01-07,1542.4,1523.39
2015-01-08,1516.83,1541.89
2015-01-09,1535.33,1553.24
2015-01-12,1552.05,1586.12
2015-01-13,1587.69,1601.17
2015-01-14,1598.72,1588.01
2015-01-15,1584.68,1586.34
2015-01-16,1586.71,1639.56
2015-01-19,1608.25,1630.07
2015-01-20,1635.57,1700.85
2015-01-21,1704.1,1722.58
2015-01-22,1723.24,1744.04
2015-01-23,1742.09,1697.29
2015-01-26,1698.99,1739.79
2015-01-27,1742.47,1743.68
2015-01-28,1741.07,1731.41
2015-01-29,1717.4,1711.37
2015-01-30,1712.85,1680.58
2015-02-02,1667.12,1696.83
2015-02-03,1703.93,1750.91
2015-02-04,1753.77,1757.74
2015-02-05,1757.23,1774.31
2015-02-06,1772.35,1730.97
2015-02-09,1727.22,1708.85
2015-02-10,1707.26,1747.68
2015-02-11,1748.23,1772.85
2015-02-12,1777.22,1788.81
2015-02-13,1798.54,1825.49
2015-02-16,1836.71,1896.63
2015-02-17,1908.18,1894.31
2015-02-25,1899.39,1876.75
2015-02-26,1875.33,1880.39
2015-02-27,1880.63,1928.04
2015-03-02,1944.11,1986.99
2015-03-03,1987.33,1961.74
2015-03-04,1960.54,2009.83
2015-03-05,2015.7,2014.79
2015-03-06,2016.81,1951.4
2015-03-09,1941.42,1994.39
2015-03-10,2001.19,2045.32
2015-03-11,2050.76,2035.83
2015-03-12,2034.62,2018.13
2015-03-13,2020.66,2069.07
2015-03-16,2088.2,2142.67
2015-03-17,2149.37,2137.46
2015-03-18,2138.37,2182.92
2015-03-19,2184.76,2183.88
2015-03-20,2187.47,2213.77
2015-03-23,2225.85,2293.65
2015-03-24,2310.51,2357.97
2015-03-25,2364.94,2385.01
2015-03-26,2362.45,2291.79
2015-03-27,2274.68,2323.82
2015-03-30,2319.31,2290.48
2015-03-31,2294.32,2335.17
2015-04-01,2347.0,2404.91
2015-04-02,2434.76,2475.33
2015-04-03,2469.85,2510.16
2015-04-07,2530.07,2556.7
2015-04-08,2566.94,2488.16
2015-04-09,2481.69,2496.49
2015-04-10,2475.56,2552.83
2015-04-13,2558.19,2577.78
2015-04-14,2584.59,2558.85
2015-04-15,2548.99,2441.74
2015-04-16,2420.93,2484.33
2015-04-17,2507.47,2463.99
2015-04-20,2462.41,2424.85
2015-04-21,2443.12,2566.09
2015-04-22,2610.74,2634.93
2015-04-23,2656.18,2706.19
2015-04-24,2689.91,2734.75
2015-04-27,2781.6,2747.5
2015-04-28,2764.41,2687.97
2015-04-29,2693.48,2797.52
2015-04-30,2825.16,2857.89
2015-05-04,2868.1,2845.25
2015-05-05,2830.79,2783.44
2015-05-06,2806.3,2846.56
2015-05-07,2824.82,2806.05
2015-05-08,2838.97,2973.6
2015-05-11,3015.43,3146.83
2015-05-12,3176.54,3250.3
2015-05-13,3185.34,3192.15
2015-05-14,3174.45,3141.59
2015-05-15,3109.11,3145.34
2015-05-18,3178.37,3278.48
2015-05-19,3310.09,3322.77
2015-05-20,3339.17,3406.28
2015-05-21,3421.61,3527.41
2015-05-22,3594.59,3516.63
2015-05-25,3415.67,3467.92
2015-05-26,3471.8,3618.23
2015-05-27,3638.21,3628.67
2015-05-28,3618.34,3432.98
2015-05-29,3444.06,3542.84
2015-06-01,3580.08,3718.75
2015-06-02,3757.1,3901.54
2015-06-03,3949.28,3982.25
2015-06-04,3991.8,3943.47
2015-06-05,3994.44,3885.83
2015-06-08,3862.8,3704.55
2015-06-09,3664.37,3705.54
2015-06-10,3695.06,3834.7
2015-06-11,3843.98,3862.14
2015-06-12,3889.16,3899.71
2015-06-15,3919.36,3696.03
2015-06-16,3636.79,3590.67
2015-06-17,3586.37,3741.36
2015-06-18,3734.91,3504.55
2015-06-19,3408.53,3314.98
2015-06-23,3314.89,3393.94
2015-06-24,3425.57,3383.4
2015-06-25,3403.63,3206.38
2015-06-26,3078.4,2920.7
2015-06-29,2943.5,2689.76
2015-06-30,2566.02,2858.61
2015-07-01,2842.17,2759.41
2015-07-02,2756.25,2649.32
2015-07-03,2559.03,2605.28
2015-07-06,2795.67,2493.83
2015-07-07,2398.1,2352.01
2015-07-08,2304.76,2364.05
2015-07-09,2338.11,2435.76
2015-07-10,2487.39,2535.89
2015-07-13,2612.77,2683.07
2015-07-14,2725.04,2726.05
2015-07-15,2750.66,2590.03
2015-07-16,2526.65,2627.08
2015-07-17,2651.44,2783.32
2015-07-20,2820.72,2848.3
2015-07-21,2802.02,2882.9
2015-07-22,2882.06,2897.37
2015-07-23,2896.25,2967.95
2015-07-24,2976.94,2897.82
2015-07-27,2822.37,2683.45
2015-07-28,2546.41,2581.96
2015-07-29,2617.94,2693.87
2015-07-30,2671.46,2561.19
2015-07-31,2507.27,2539.84
2015-08-03,2475.33,2399.27
2015-08-04,2396.41,2546.16
2015-08-05,2542.27,2502.04
2015-08-06,2441.96,2480.93
2015-08-07,2509.96,2576.99
2015-08-10,2606.74,2706.72
2015-08-11,2705.04,2698.91
2015-08-12,2658.84,2622.19
2015-08-13,2608.74,2684.26
2015-08-14,2713.78,2674.02
2015-08-17,2665.37,2666.29
2015-08-18,2674.42,2504.17
2015-08-19,2427.94,2570.69
2015-08-20,2556.77,2508.82
2015-08-21,2452.62,2341.95
2015-08-24,2222.54,2152.61
2015-08-25,1996.04,1990.71
2015-08-26,1975.92,1890.04
2015-08-27,1924.78,1959.49
2015-08-28,1990.35,2082.12
2015-08-31,2056.29,1996.87
2015-09-01,1959.46,1889.49
2015-09-02,1787.71,1855.03
2015-09-07,1882.86,1893.52
2015-09-08,1875.67,2001.16
2015-09-09,2023.31,2071.72
2015-09-10,2030.03,2039.12
2015-09-11,2039.01,2060.51
2015-09-14,2068.2,1906.21
2015-09-15,1843.23,1797.56
2015-09-16,1813.73,1926.25
2015-09-17,1943.29,1933.3
2015-09-18,1948.12,1983.3
2015-09-21,1950.33,2079.06
2015-09-22,2082.34,2078.72
2015-09-23,2039.49,2077.99
2015-09-24,2090.56,2106.59
2015-09-25,2091.85,2020.97
2015-09-28,2024.89,2122.26
2015-09-29,2089.54,2098.57
2015-09-30,2111.99,2082.67
2015-10-08,2153.12,2190.31
2015-10-09,2190.84,2216.66
2015-10-12,2233.61,2316.78
2015-10-13,2297.93,2342.04
2015-10-14,2330.08,2305.0
2015-10-15,2300.62,2404.53
2015-10-16,2424.62,2449.03
2015-10-19,2465.11,2433.6
2015-10-20,2430.18,2511.16
2015-10-21,2504.78,2344.74
2015-10-22,2355.16,2458.14
2015-10-23,2488.31,2538.38
2015-10-26,2570.13,2527.48
2015-10-27,2497.16,2563.96
2015-10-28,2551.7,2485.24
2015-10-29,2504.85,2485.28
2015-10-30,2475.23,2478.28
2015-11-02,2416.1,2432.04
2015-11-03,2444.05,2429.27
2015-11-04,2451.23,2584.32
2015-11-05,2587.82,2564.72
2015-11-06,2571.66,2661.41
2015-11-09,2653.31,2724.62
2015-11-10,2710.9,2746.61
2015-11-11,2738.58,2804.68
2015-11-12,2818.57,2783.3
2015-11-13,2751.39,2710.16
2015-11-16,2656.57,2797.16
2015-11-17,2834.98,2717.05
2015-11-18,2727.61,2661.17
2015-11-19,2678.36,2770.75
2015-11-20,2783.04,2800.15
2015-11-23,2797.12,2770.58
2015-11-24,2767.72,2816.05
2015-11-25,2813.51,2897.57
2015-11-26,2911.85,2833.2
2015-11-27,2819.36,2649.55
2015-11-30,2658.97,2672.58
2015-12-01,2669.3,2655.35
2015-12-02,2653.24,2613.26
2015-12-03,2622.49,2708.12
2015-12-04,2702.56,2692.16
2015-12-07,2699.34,2738.15
2015-12-08,2723.62,2691.66
2015-12-09,2677.59,2667.91
2015-12-10,2665.28,2695.51
2015-12-11,2686.31,2671.29
2015-12-14,2642.82,2709.27
2015-12-15,2718.25,2745.7
2015-12-16,2760.26,2763.11
2015-12-17,2784.97,2835.7
2015-12-18,2836.92,2830.26
2015-12-21,2825.32,2829.92
2015-12-22,2836.96,2839.85
2015-12-23,2845.43,2783.94
2015-12-24,2775.98,2795.78
2015-12-25,2807.51,2794.73
2015-12-28,2809.52,2735.49
2015-12-29,2732.55,2749.82
2015-12-30,2758.25,2779.51
2015-12-31,2780.54,2714.05
2016-01-04,2706.28,2491.24
2016-01-05,2353.23,2416.73
2016-01-06,2433.36,2468.37
2016-01-07,2415.33,2256.52
2016-01-08,2297.59,2248.99
2016-01-11,2188.19,2106.36
2016-01-12,2117.25,2147.53
2016-01-13,2160.32,2059.78
2016-01-14,1991.23,2175.01
2016-01-15,2160.17,2112.9
2016-01-18,2074.86,2174.93
2016-01-19,2170.09,2241.7
2016-01-20,2222.6,2204.65
2016-01-21,2173.32,2112.4
2016-01-22,2140.28,2149.59
2016-01-25,2165.73,2158.82
2016-01-26,2132.22,1994.05
2016-01-27,1997.32,1997.47
2016-01-28,1969.31,1906.46
2016-01-29,1908.26,1994.07
2016-02-01,1989.21,1992.7
2016-02-02,1996.59,2075.29
2016-02-03,2049.32,2090.51
2016-02-04,2095.62,2126.64
2016-02-05,2127.35,2096.99
2016-02-15,2029.56,2116.84
2016-02-16,2128.06,2201.93
2016-02-17,2197.93,2215.34
2016-02-18,2230.8,2190.91
2016-02-19,2186.02,2211.01
2016-02-22,2235.17,2245.56
2016-02-23,2245.75,2218.12
2016-02-24,2212.59,2203.74
2016-02-25,2198.93,2037.14
2016-02-26,2045.51,2014.92
2016-02-29,2000.57,1880.15
2016-03-01,1881.32,1934.92
2016-03-02,1930.84,2017.6
2016-03-03,2014.18,2007.08
2016-03-04,1994.06,1907.04
2016-03-07,1935.09,1953.33
2016-03-08,1944.65,2002.19
2016-03-09,1962.28,1970.81
2016-03-10,1968.77,1936.97
2016-03-11,1911.33,1934.87
2016-03-14,1962.11,2023.13
2016-03-15,2016.81,1996.92
2016-03-16,2029.92,1977.54
2016-03-17,1986.14,2087.29
2016-03-18,2102.19,2177.87
2016-03-21,2214.91,2227.03
2016-03-22,2201.19,2221.7
2016-03-23,2214.87,2259.11
2016-03-24,2234.22,2219.77
2016-03-25,2209.26,2216.09
2016-03-28,2233.13,2199.69
2016-03-29,2190.88,2152.55
2016-03-30,2172.74,2248.78
2016-03-31,2256.43,2238.29
2016-04-01,2223.38,2205.37
2016-04-05,2207.46,2279.52
2016-04-06,2274.77,2297.04
2016-04-07,2310.92,2248.68
2016-04-08,2230.95,2229.93
2016-04-11,2255.07,2283.14
2016-04-12,2283.21,2264.02
2016-04-13,2278.52,2294.02
2016-04-14,2310.6,2324.39
2016-04-15,2328.31,2309.68
2016-04-18,2288.42,2265.59
2016-04-19,2278.31,2272.52
2016-04-20,2279.76,2145.24
2016-04-21,2135.93,2110.16
2016-04-22,2093.78,2136.92
2016-04-25,2128.66,2126.83
2016-04-26,2123.87,2155.7
2016-04-27,2162.76,2146.61
2016-04-28,2149.1,2155.23
2016-04-29,2141.58,2138.74
2016-05-03,2138.96,2217.23
2016-05-04,2210.13,2211.02
2016-05-05,2208.4,2224.1
2016-05-06,2226.44,2129.19
2016-05-09,2107.33,2053.6
2016-05-10,2051.38,2054.22
2016-05-11,2067.69,2034.93
2016-05-12,2006.26,2034.57
2016-05-13,2030.94,2025.22
2016-05-16,2017.84,2057.86
2016-05-17,2059.52,2081.44
2016-05-18,2062.81,2020.48
2016-05-19,2023.96,2037.4
2016-05-20,2018.38,2065.3
2016-05-23,2073.0,2098.23
2016-05-24,2094.21,2075.51
2016-05-25,2091.97,2067.25
2016-05-26,2060.43,2086.01
2016-05-27,2076.3,2069.89
2016-05-30,2054.62,2058.52
2016-05-31,2061.84,2159.8
2016-06-01,2164.73,2168.82
2016-06-02,2163.59,2188.56
2016-06-03,2176.36,2204.97
2016-06-06,2212.46,2199.3
2016-06-07,2202.04,2196.73
2016-06-08,2191.27,2186.55
2016-06-13,2150.39,2054.71
2016-06-14,2045.21,2058.31
2016-06-15,2033.6,2128.8
2016-06-16,2124.16,2101.42
2016-06-17,2109.57,2122.89
2016-06-20,2117.99,2119.63
2016-06-21,2135.46,2092.0
2016-06-22,2085.98,2144.82
2016-06-23,2144.58,2137.49
2016-06-24,2131.15,2127.37
2016-06-27,2111.1,2191.81
2016-06-28,2181.41,2216.71
2016-06-29,2228.51,2209.79
2016-06-30,2213.6,2227.79
2016-07-01,2231.18,2211.18
2016-07-04,2195.62,2248.71
2016-07-05,2253.69,2246.03
2016-07-06,2239.76,2241.56
2016-07-07,2240.9,2233.92
2016-07-08,2231.97,2239.0
2016-07-11,2242.26,2218.59
2016-07-12,2218.02,2247.36
2016-07-13,2258.26,2285.37
2016-07-14,2282.16,2293.08
2016-07-15,2289.1,2263.78
2016-07-18,2257.42,2249.87
2016-07-19,2249.74,2273.72
2016-07-20,2272.64,2268.54
2016-07-21,2266.08,2265.13
2016-07-22,2262.1,2250.0
2016-07-25,2245.86,2245.89
2016-07-26,2245.94,2279.55
2016-07-27,2282.07,2155.39
2016-07-28,2150.32,2139.74
2016-07-29,2144.27,2122.41
2016-08-01,2113.67,2099.18
2016-08-02,2096.55,2113.21
2016-08-03,2110.23,2108.31
2016-08-04,2107.62,2129.65
2016-08-05,2128.74,2109.06
2016-08-08,2102.24,2130.59
2016-08-09,2128.64,2154.51
2016-08-10,2155.39,2137.0
2016-08-11,2134.6,2103.4
2016-08-12,2098.77,2123.84
2016-08-15,2126.79,2193.21
2016-08-16,2195.02,2201.1
2016-08-17,2200.24,2208.2
2016-08-18,2204.95,2201.59
2016-08-19,2200.68,2204.56
2016-08-22,2205.58,2167.4
2016-08-23,2168.34,2174.16
2016-08-24,2178.53,2192.17
2016-08-25,2179.01,2180.66
2016-08-26,2186.0,2189.75
2016-08-29,2187.72,2193.2
2016-08-30,2197.49,2195.53
2016-08-31,2194.61,2191.76
2016-09-01,2192.94,2181.33
2016-09-02,2176.39,2170.86
2016-09-05,2178.63,2182.69
2016-09-06,2183.23,2222.84
2016-09-07,2223.02,2212.05
2016-09-08,2211.39,2223.47
2016-09-09,2223.58,2202.97
2016-09-12,2163.45,2145.56
2016-09-13,2157.95,2145.87
2016-09-14,2137.4,2144.56
2016-09-19,2149.37,2165.21
2016-09-20,2164.42,2158.43
2016-09-21,2158.06,2162.13
2016-09-22,2174.3,2168.42
2016-09-23,2171.63,2156.51
2016-09-26,2154.4,2122.9
2016-09-27,2118.95,2140.8
2016-09-28,2143.72,2139.63
2016-09-29,2141.34,2146.18
2016-09-30,2144.47,2149.9
2016-10-10,2165.85,2208.47
2016-10-11,2207.43,2210.86
2016-10-12,2202.36,2209.69
2016-10-13,2211.76,2208.57
2016-10-14,2203.87,2194.23
2016-10-17,2199.18,2167.86
2016-10-18,2164.6,2198.14
2016-10-19,2200.53,2184.91
2016-10-20,2187.41,2193.26
2016-10-21,2196.85,2181.0
2016-10-24,2184.11,2200.8
2016-10-25,2202.79,2200.21
2016-10-26,2203.48,2184.49
2016-10-27,2182.91,2182.48
2016-10-28,2182.56,2165.43
2016-10-31,2158.57,2159.76
2016-11-01,2160.39,2176.45
2016-11-02,2170.81,2146.4
2016-11-03,2137.13,2153.18
2016-11-04,2151.92,2145.23
2016-11-07,2141.3,2130.3
2016-11-08,2138.45,2150.3
2016-11-09,2150.62,2123.84
2016-11-10,2143.56,2143.32
2016-11-11,2143.58,2147.11
2016-11-14,2146.83,2161.69
2016-11-15,2161.57,2179.3
2016-11-16,2187.5,2182.47
2016-11-17,2176.12,2163.04
2016-11-18,2164.71,2157.96
2016-11-21,2156.46,2152.6
2016-11-22,2156.52,2177.65
2016-11-23,2182.1,2165.71
2016-11-24,2159.61,2146.63
2016-11-25,2145.97,2167.53
2016-11-28,2172.97,2166.05
2016-11-29,2161.78,2160.35
2016-11-30,2157.54,2183.05
2016-12-01,2181.73,2181.93
2016-12-02,2180.39,2143.45
2016-12-05,2129.25,2143.88
2016-12-06,2149.75,2122.26
2016-12-07,2123.55,2134.99
2016-12-08,2135.79,2114.71
2016-12-09,2114.45,2099.89
2016-12-12,2095.58,1984.39
2016-12-13,1982.08,1985.04
2016-12-14,1982.98,1963.08
2016-12-15,1957.71,1975.85
2016-12-16,1977.86,1998.11
2016-12-19,1995.0,1980.41
2016-12-20,1981.69,1982.3
2016-12-21,1987.76,1991.7
2016-12-22,1993.04,1986.27
2016-12-23,1987.73,1964.54
2016-12-26,1959.19,1974.01
2016-12-27,1972.51,1968.62
2016-12-28,1968.15,1957.15
2016-12-29,1956.72,1959.24
2016-12-30,1961.22,1962.06
2017-01-03,1965.04,1963.26
2017-01-04,1963.02,1991.57
2017-01-05,1990.7,1983.97
2017-01-06,1980.84,1965.03
2017-01-09,1962.2,1961.62
2017-01-10,1960.1,1951.68
2017-01-11,1947.42,1937.55
2017-01-12,1935.52,1930.14
2017-01-13,1930.11,1899.94
2017-01-16,1897.45,1830.85
2017-01-17,1824.1,1867.87
2017-01-18,1860.24,1845.79
2017-01-19,1842.66,1844.14
2017-01-20,1844.37,1880.75
2017-01-23,1879.97,1887.32
2017-01-24,1885.24,1861.22
2017-01-25,1857.32,1870.7
2017-01-26,1872.14,1886.23
2017-02-03,1886.97,1876.76
2017-02-06,1877.14,1900.45
2017-02-07,1897.87,1889.13
2017-02-08,1887.34,1903.63
2017-02-09,1903.67,1914.08
2017-02-10,1913.23,1904.68
2017-02-13,1902.46,1913.68
2017-02-14,1914.14,1909.4
2017-02-15,1911.04,1892.36
2017-02-16,1891.87,1897.63
2017-02-17,1896.7,1882.87
2017-02-20,1884.99,1894.96
2017-02-21,1896.86,1921.08
2017-02-22,1921.55,1919.97
2017-02-23,1919.24,1925.95
2017-02-24,1925.1,1938.44
2017-02-27,1937.56,1926.77
2017-02-28,1926.14,1927.16
2017-03-01,1925.7,1931.97
2017-03-02,1936.08,1920.4
2017-03-03,1916.2,1928.29
2017-03-06,1931.62,1962.77
2017-03-07,1967.18,1977.85
2017-03-08,1976.85,1964.63
2017-03-09,1962.64,1953.94
2017-03-10,1952.5,1950.01
2017-03-13,1948.52,1970.88
2017-03-14,1967.47,1958.02
2017-03-15,1951.71,1957.82
2017-03-16,1959.05,1966.73
2017-03-17,1968.15,1949.66
2017-03-20,1948.6,1953.82
2017-03-21,1953.56,1961.06
2017-03-22,1952.8,1948.58
2017-03-23,1951.87,1948.37
2017-03-24,1948.27,1965.14
2017-03-27,1964.62,1947.53
2017-03-28,1946.33,1944.36
2017-03-29,1945.14,1929.2
2017-03-30,1924.51,1893.7
2017-03-31,1895.81,1907.34
2017-04-05,1914.91,1943.16
2017-04-06,1947.09,1944.23
2017-04-07,1942.11,1946.05
2017-04-10,1940.3,1912.45
2017-04-11,1907.1,1917.63
2017-04-12,1913.78,1897.51
2017-04-13,1896.49,1910.48
2017-04-14,1910.99,1887.46
2017-04-17,1880.77,1868.28
2017-04-18,1867.58,1848.2
2017-04-19,1841.6,1845.38
2017-04-20,1843.97,1850.39
2017-04-21,1849.28,1839.01
2017-04-24,1832.82,1809.91
2017-04-25,1809.56,1818.87
2017-04-26,1812.86,1820.48
2017-04-27,1815.11,1842.92
2017-04-28,1838.74,1850.73
2017-05-02,1849.22,1850.85
2017-05-03,1848.71,1840.45
2017-05-04,1838.71,1838.1
2017-05-05,1832.68,1818.19
2017-05-08,1814.1,1788.71
2017-05-09,1780.52,1802.49
2017-05-10,1801.78,1771.32
2017-05-11,1761.47,1772.41
2017-05-12,1768.3,1774.63
2017-05-15,1778.18,1778.64
2017-05-16,1774.39,1814.94
2017-05-17,1812.71,1822.64
2017-05-18,1807.18,1813.51
2017-05-19,1812.73,1801.08
2017-05-22,1798.56,1788.08
2017-05-23,1784.53,1758.23
2017-05-24,1749.16,1776.28
2017-05-25,1770.65,1777.69
2017-05-26,1769.12,1759.63
2017-05-31,1777.65,1763.73
2017-06-01,1757.8,1728.49
2017-06-02,1721.4,1745.93
2017-06-05,1747.53,1761.25
2017-06-06,1759.29,1766.39
2017-06-07,1764.96,1799.85
2017-06-08,1798.69,1794.75
2017-06-09,1793.65,1796.13
2017-06-12,1787.56,1775.55
2017-06-13,1773.01,1795.63
2017-06-14,1794.04,1790.64
2017-06-15,1788.81,1816.26
2017-06-16,1816.16,1810.05
2017-06-19,1809.51,1816.4
2017-06-20,1818.69,1820.98
2017-06-21,1827.89,1824.69
2017-06-22,1821.84,1798.38
2017-06-23,1794.5,1807.43
2017-06-26,1805.88,1821.28
2017-06-27,1821.37,1819.93
2017-06-28,1817.43,1808.2
2017-06-29,1808.29,1813.55
2017-06-30,1808.08,1818.07
2017-07-03,1818.2,1835.99
2017-07-04,1833.89,1829.51
2017-07-05,1827.26,1836.63
2017-07-06,1835.81,1839.0
2017-07-07,1833.88,1835.44
2017-07-10,1831.37,1803.25
2017-07-11,1799.52,1783.91
2017-07-12,1779.9,1786.75
2017-07-13,1784.26,1778.86
2017-07-14,1771.33,1745.57
2017-07-17,1730.7,1656.43
2017-07-18,1646.64,1667.49
2017-07-19,1663.16,1684.77
2017-07-20,1684.26,1688.61
2017-07-21,1688.79,1690.15
2017-07-24,1685.71,1686.44
2017-07-25,1686.57,1688.09
2017-07-26,1689.48,1681.31
2017-07-27,1678.87,1742.19
2017-07-28,1740.54,1734.07
2017-07-31,1731.92,1736.3
2017-08-01,1735.91,1741.07
2017-08-02,1740.39,1724.83
2017-08-03,1723.03,1733.12
2017-08-04,1731.03,1719.62
2017-08-07,1722.24,1732.43
2017-08-08,1731.73,1762.42
2017-08-09,1756.5,1763.05
2017-08-10,1761.43,1753.67
2017-08-11,1742.0,1742.14
2017-08-14,1745.01,1793.48
2017-08-15,1796.24,1798.57
2017-08-16,1797.05,1825.19
2017-08-17,1819.43,1833.4
2017-08-18,1822.07,1821.8
2017-08-21,1823.37,1829.22
2017-08-22,1829.4,1814.92
2017-08-23,1813.43,1807.37
2017-08-24,1807.85,1795.74
2017-08-25,1794.7,1812.88
2017-08-28,1815.84,1842.83
2017-08-29,1842.15,1831.59
2017-08-30,1830.7,1838.63
2017-08-31,1841.0,1849.38
2017-09-01,1850.02,1865.25
2017-09-04,1863.02,1883.62
2017-09-05,1881.67,1885.16
2017-09-06,1880.7,1902.86
2017-09-07,1904.54,1890.38
2017-09-08,1888.4,1885.27
2017-09-11,1883.65,1896.38
2017-09-12,1897.52,1884.48
2017-09-13,1884.54,1888.43
2017-09-14,1887.36,1879.25
2017-09-15,1877.17,1875.63
2017-09-18,1874.45,1894.8
2017-09-19,1896.62,1880.3
2017-09-20,1878.57,1892.67
2017-09-21,1892.95,1872.77
2017-09-22,1869.11,1866.42
2017-09-25,1864.86,1843.62
2017-09-26,1840.48,1839.46
2017-09-27,1840.17,1854.94
2017-09-28,1853.38,1854.73
2017-09-29,1858.06,1866.98
2017-10-09,1889.89,1889.84
2017-10-10,1890.66,1917.46
2017-10-11,1918.35,1901.55
2017-10-12,1900.87,1899.99
2017-10-13,1901.18,1926.07
2017-10-16,1920.94,1882.69
2017-10-17,1876.69,1876.99
2017-10-18,1878.29,1868.16
2017-10-19,1865.93,1862.61
2017-10-20,1858.62,1880.21
2017-10-23,1881.41,1898.76
2017-10-24,1895.44,1901.69
2017-10-25,1898.63,1913.26
2017-10-26,1911.85,1910.72
2017-10-27,1909.57,1896.22
2017-10-30,1894.86,1855.99
2017-10-31,1855.94,1869.79
2017-11-01,1867.99,1872.75
2017-11-02,1869.72,1847.57
2017-11-03,1843.8,1832.97
2017-11-06,1831.9,1850.3
2017-11-07,1849.32,1859.07
2017-11-08,1858.64,1866.14
2017-11-09,1864.25,1884.11
2017-11-10,1882.72,1900.63
2017-11-13,1904.58,1906.44
2017-11-14,1908.04,1896.72
2017-11-15,1892.65,1868.08
2017-11-16,1865.72,1878.26
2017-11-17,1879.43,1833.9
2017-11-20,1819.17,1859.75
2017-11-21,1856.73,1856.96
2017-11-22,1854.58,1853.38
2017-11-23,1848.22,1794.78
2017-11-24,1789.51,1782.66
2017-11-27,1781.22,1760.9
2017-11-28,1761.52,1793.87
2017-11-29,1793.28,1787.38
2017-11-30,1783.23,1770.3
2017-12-01,1772.04,1804.62
2017-12-04,1803.03,1797.77
2017-12-05,1794.7,1758.59
2017-12-06,1755.77,1784.31
2017-12-07,1780.97,1776.99
2017-12-08,1776.26,1792.16
2017-12-11,1800.13,1816.98
2017-12-12,1818.41,1798.69
2017-12-13,1795.47,1806.09
2017-12-14,1804.19,1794.34
2017-12-15,1793.24,1783.97
2017-12-18,1784.41,1780.64
2017-12-19,1781.81,1798.5
2017-12-20,1798.36,1782.41
2017-12-21,1776.45,1789.74
2017-12-22,1788.66,1779.34
2017-12-25,1778.96,1755.81
2017-12-26,1755.14,1758.82
2017-12-27,1756.04,1745.24
2017-12-28,1742.47,1745.02
2017-12-29,1745.95,1752.65
2018-01-02,1759.02,1769.67
2018-01-03,1770.03,1795.38
2018-01-04,1790.65,1794.61
2018-01-05,1797.26,1801.42
2018-01-08,1801.18,1806.16
2018-01-09,1803.36,1803.59
2018-01-10,1803.6,1791.08
2018-01-11,1787.38,1804.23
2018-01-12,1800.89,1785.71
2018-01-15,1778.79,1732.62
2018-01-16,1729.56,1729.6
2018-01-17,1722.45,1742.03
2018-01-18,1735.46,1738.0
2018-01-19,1735.03,1728.14
2018-01-22,1726.32,1768.21
2018-01-23,1767.33,1767.83
2018-01-24,1763.69,1813.28
2018-01-25,1811.11,1810.83
2018-01-26,1809.13,1816.8
2018-01-29,1811.54,1799.77
2018-01-30,1794.33,1782.4
2018-01-31,1766.77,1735.06
2018-02-01,1735.66,1697.39
2018-02-02,1683.18,1702.43
2018-02-05,1678.19,1688.27
2018-02-06,1653.45,1598.12
2018-02-07,1632.87,1616.4
2018-02-08,1608.73,1641.43
2018-02-09,1598.48,1592.51
2018-02-12,1604.56,1648.07
2018-02-13,1657.13,1648.58
2018-02-14,1649.57,1646.77
2018-02-22,1661.56,1677.76
2018-02-23,1674.62,1668.83
2018-02-26,1683.15,1729.15
2018-02-27,1729.94,1743.54
2018-02-28,1730.15,1753.63
2018-03-01,1744.34,1789.85
2018-03-02,1777.46,1772.01
2018-03-05,1780.82,1795.69
2018-03-06,1798.03,1797.61
2018-03-07,1795.17,1785.27
2018-03-08,1783.1,1793.22
2018-03-09,1794.25,1856.46
2018-03-12,1872.03,1882.41
2018-03-13,1879.63,1872.68
2018-03-14,1863.57,1841.29
2018-03-15,1833.77,1848.71
2018-03-16,1847.18,1821.32
2018-03-19,1822.6,1842.92
2018-03-20,1828.01,1864.62
2018-03-21,1866.81,1829.91
2018-03-22,1830.56,1817.23
2018-03-23,1751.74,1726.02
2018-03-26,1704.35,1780.61
2018-03-27,1799.15,1844.69
2018-03-28,1819.66,1835.15
2018-03-29,1843.44,1842.19
2018-03-30,1850.2,1900.48
2018-04-02,1911.57,1900.25
2018-04-03,1869.87,1872.47
2018-04-04,1880.33,1836.81
2018-04-09,1830.88,1841.65
2018-04-10,1838.88,1835.52
2018-04-11,1840.09,1834.63
2018-04-12,1830.91,1826.89
2018-04-13,1840.87,1824.59
2018-04-16,1818.25,1838.71
2018-04-17,1843.75,1783.74
2018-04-18,1793.83,1822.26
2018-04-19,1815.45,1820.28
2018-04-20,1813.75,1782.81
2018-04-23,1784.15,1753.05
2018-04-24,1753.64,1806.86
2018-04-25,1798.0,1819.41
2018-04-26,1818.69,1781.28
2018-04-27,1790.3,1805.6
2018-05-02,1814.63,1801.57
2018-05-03,1797.12,1826.79
2018-05-04,1821.02,1814.85
2018-05-07,1819.67,1852.34
2018-05-08,1852.69,1856.87
2018-05-09,1853.83,1855.81
2018-05-10,1857.99,1865.36
2018-05-11,1866.93,1834.78
2018-05-14,1835.7,1830.98
2018-05-15,1830.84,1858.01
2018-05-16,1850.01,1846.67
2018-05-17,1845.28,1831.2
2018-05-18,1829.06,1836.75
2018-05-21,1845.76,1862.48
2018-05-22,1860.63,1876.0
2018-05-23,1869.5,1845.97
2018-05-24,1847.81,1838.4
2018-05-25,1835.41,1804.55
2018-05-28,1804.78,1796.91
2018-05-29,1795.72,1773.65
2018-05-30,1744.24,1726.22
2018-05-31,1741.33,1743.74
2018-06-01,1734.35,1709.55
2018-06-04,1709.57,1702.93
2018-06-05,1702.37,1746.11
2018-06-06,1744.17,1743.25
2018-06-07,1747.93,1730.38
2018-06-08,1726.3,1711.52
2018-06-11,1707.14,1688.62
2018-06-12,1692.67,1712.77
2018-06-13,1711.53,1685.89
2018-06-14,1682.84,1673.32
2018-06-15,1673.9,1641.66
2018-06-19,1612.9,1547.15
2018-06-20,1540.61,1563.79
2018-06-21,1562.37,1521.68
2018-06-22,1514.04,1549.66
2018-06-25,1563.74,1538.57
2018-06-26,1518.5,1564.92
2018-06-27,1564.29,1546.23
2018-06-28,1544.65,1543.66
2018-06-29,1547.15,1606.71
2018-07-02,1605.21,1588.37
2018-07-03,1589.5,1607.12
2018-07-04,1595.89,1565.61
2018-07-05,1560.98,1532.68
2018-07-06,1532.05,1541.31
2018-07-09,1546.01,1581.93
2018-07-10,1583.74,1592.98
2018-07-11,1562.59,1563.01
2018-07-12,1563.79,1614.63
2018-07-13,1612.19,1618.46
2018-07-16,1614.56,1616.91
2018-07-17,1615.84,1621.63
2018-07-18,1622.29,1607.88
2018-07-19,1607.93,1590.06
2018-07-20,1589.31,1609.55
2018-07-23,1592.24,1620.97
2018-07-24,1615.72,1629.61
2018-07-25,1629.13,1632.32
2018-07-26,1631.46,1606.12
2018-07-27,1601.27,1594.57
2018-07-30,1593.6,1559.64
2018-07-31,1557.6,1561.26
2018-08-01,1568.12,1541.86
2018-08-02,1538.28,1510.09
2018-08-03,1512.57,1481.61
2018-08-06,1471.36,1440.8
2018-08-07,1445.62,1479.44
2018-08-08,1475.32,1447.76
2018-08-09,1443.87,1497.61
2018-08-10,1496.1,1511.71
2018-08-13,1494.32,1531.34
2018-08-14,1530.45,1518.49
2018-08-15,1518.28,1478.51
2018-08-16,1458.39,1463.87
2018-08-17,1475.89,1434.31
2018-08-20,1428.26,1435.69
2018-08-21,1435.36,1456.97
2018-08-22,1454.71,1439.55
2018-08-23,1439.66,1455.5
2018-08-24,1450.95,1450.09
2018-08-27,1455.66,1493.43
2018-08-28,1495.9,1493.11
2018-08-29,1491.78,1481.19
2018-08-30,1479.85,1457.92
2018-08-31,1450.47,1435.2
2018-09-03,1433.63,1443.69
2018-09-04,1442.27,1455.5
2018-09-05,1450.39,1430.24
2018-09-06,1424.46,1422.87
2018-09-07,1426.98,1425.23
2018-09-10,1424.01,1390.82
2018-09-11,1389.54,1395.17
2018-09-12,1394.16,1385.8
2018-09-13,1401.96,1391.28
2018-09-14,1394.09,1366.57
2018-09-17,1360.72,1349.78
2018-09-18,1348.11,1377.3
2018-09-19,1375.21,1392.4
2018-09-20,1391.25,1387.62
2018-09-21,1393.67,1411.12
2018-09-25,1401.86,1405.81
2018-09-26,1409.02,1420.75
2018-09-27,1418.37,1400.36
2018-09-28,1403.96,1411.34
2018-10-08,1380.65,1353.67
2018-10-09,1357.97,1345.95
2018-10-10,1350.68,1346.7
2018-10-11,1299.17,1261.88
2018-10-12,1253.92,1268.41
2018-10-15,1268.88,1250.22
2018-10-16,1249.56,1216.69
2018-10-17,1231.0,1231.86
2018-10-18,1220.29,1205.03
2018-10-19,1186.49,1249.89
2018-10-22,1270.5,1314.94
2018-10-23,1313.68,1292.06
2018-10-24,1285.86,1284.1
2018-10-25,1245.3,1273.6
2018-10-26,1283.07,1263.19
2018-10-29,1262.54,1250.48
2018-10-30,1248.67,1259.95
2018-10-31,1263.34,1275.57
2018-11-01,1291.88,1286.33
2018-11-02,1328.46,1348.28
2018-11-05,1347.47,1348.88
2018-11-06,1346.53,1349.11
2018-11-07,1349.62,1345.77
2018-11-08,1357.89,1329.59
2018-11-09,1321.33,1322.83
2018-11-12,1322.87,1368.79
2018-11-13,1356.62,1392.05
2018-11-14,1388.23,1385.73
2018-11-15,1382.34,1405.25
2018-11-16,1406.73,1403.28
2018-11-19,1399.0,1394.4
2018-11-20,1384.18,1355.33
2018-11-21,1344.4,1363.03
2018-11-22,1365.48,1353.92
2018-11-23,1355.17,1308.74
2018-11-26,1309.47,1304.56
2018-11-27,1314.09,1315.43
2018-11-28,1314.53,1341.08
2018-11-29,1347.74,1312.72
2018-11-30,1309.89,1329.39
2018-12-03,1365.9,1372.79
2018-12-04,1370.29,1378.75
2018-12-05,1359.27,1381.77
2018-12-06,1371.34,1345.76
2018-12-07,1344.13,1341.02
2018-12-10,1328.06,1326.85
2018-12-11,1332.52,1338.08
2018-12-12,1343.9,1338.73
2018-12-13,1341.55,1348.5
2018-12-14,1346.9,1310.46
2018-12-17,1303.88,1299.17
2018-12-18,1293.15,1293.34
2018-12-19,1295.89,1268.81
2018-12-20,1266.76,1278.16
2018-12-21,1274.04,1270.3
2018-12-24,1267.23,1284.33
2018-12-25,1269.14,1273.45
2018-12-26,1272.24,1264.07
2018-12-27,1283.17,1248.08
2018-12-28,1248.06,1250.53
2019-01-02,1250.62,1228.77
2019-01-03,1226.74,1214.5
2019-01-04,1203.67,1245.16
2019-01-07,1250.4,1268.06
2019-01-08,1262.2,1263.51
2019-01-09,1263.73,1262.52
2019-01-10,1262.1,1258.99
2019-01-11,1260.0,1261.56
2019-01-14,1263.02,1246.0
2019-01-15,1243.93,1266.27
2019-01-16,1267.14,1267.3
2019-01-17,1267.82,1251.41
2019-01-18,1255.6,1269.5
2019-01-21,1271.39,1274.79
2019-01-22,1273.47,1252.24
2019-01-23,1250.83,1251.13
2019-01-24,1252.38,1265.16
2019-01-25,1266.63,1265.49
2019-01-28,1272.37,1259.74
2019-01-29,1259.8,1243.59
2019-01-30,1238.28,1230.82
2019-01-31,1231.0,1227.99
2019-02-01,1233.38,1271.27
2019-02-11,1275.22,1316.1
2019-02-12,1316.91,1332.27
2019-02-13,1335.16,1357.67
2019-02-14,1357.78,1361.94
2019-02-15,1360.76,1357.84
2019-02-18,1364.94,1413.6
2019-02-19,1419.04,1406.04
2019-02-20,1406.99,1408.38
2019-02-21,1405.52,1412.54
2019-02-22,1409.86,1456.3
2019-02-25,1487.3,1536.37
2019-02-26,1549.24,1546.99
2019-02-27,1544.16,1520.42
2019-02-28,1522.63,1535.68
2019-03-01,1558.9,1567.87
2019-03-04,1596.55,1619.71
2019-03-05,1615.59,1676.57
2019-03-06,1684.97,1700.5
2019-03-07,1699.6,1692.42
2019-03-08,1647.85,1654.49
2019-03-11,1673.4,1727.8
2019-03-12,1733.43,1773.43
2019-03-13,1769.55,1693.86
2019-03-14,1676.61,1650.19
2019-03-15,1667.78,1662.62
2019-03-18,1671.28,1707.06
2019-03-19,1706.19,1708.87
2019-03-20,1701.73,1687.9
2019-03-21,1683.55,1703.85
2019-03-22,1703.97,1693.87
2019-03-25,1662.76,1668.84
2019-03-26,1680.78,1630.19
2019-03-27,1640.21,1637.77
2019-03-28,1632.04,1626.82
2019-03-29,1633.38,1693.55
2019-04-01,1710.16,1760.89
2019-04-02,1771.69,1754.16
2019-04-03,1743.99,1768.18
2019-04-04,1780.28,1777.26
2019-04-08,1787.96,1739.66
2019-04-09,1734.18,1741.17
2019-04-10,1727.97,1726.64
2019-04-11,1727.22,1691.1
2019-04-12,1692.43,1695.73
2019-04-15,1721.64,1666.9
2019-04-16,1656.76,1697.53
2019-04-17,1699.19,1717.44
2019-04-18,1715.18,1704.55
2019-04-19,1704.72,1715.8
2019-04-22,1720.78,1697.51
2019-04-23,1695.27,1683.8
2019-04-24,1690.28,1718.85
2019-04-25,1709.83,1669.98
2019-04-26,1664.04,1657.82
2019-04-29,1658.19,1615.62
2019-04-30,1612.11,1623.78
2019-05-06,1551.72,1494.89
2019-05-07,1506.97,1504.16
2019-05-08,1469.24,1481.87
2019-05-09,1470.98,1469.48
2019-05-10,1489.19,1533.87
2019-05-13,1513.96,1503.06
2019-05-14,1492.9,1494.6
2019-05-15,1509.45,1528.69
2019-05-16,1528.63,1533.67
2019-05-17,1537.45,1478.75
2019-05-20,1478.2,1469.31
2019-05-21,1469.97,1493.72
2019-05-22,1493.66,1488.63
2019-05-23,1486.95,1451.24
2019-05-24,1452.04,1443.75
2019-05-27,1447.98,1491.95
2019-05-28,1497.12,1505.16
2019-05-29,1492.58,1497.89
2019-05-30,1494.35,1485.24
2019-05-31,1487.28,1483.66
2019-06-03,1489.43,1468.98
2019-06-04,1467.59,1456.27
2019-06-05,1471.95,1451.18
2019-06-06,1450.1,1416.06
2019-06-10,1422.34,1431.34
2019-06-11,1432.95,1487.35
2019-06-12,1481.42,1473.9
2019-06-13,1474.55,1479.83
2019-06-14,1478.53,1453.96
2019-06-17,1450.56,1442.35
2019-06-18,1443.65,1455.75
2019-06-19,1501.25,1469.99
2019-06-20,1469.81,1498.01
2019-06-21,1531.39,1523.81
2019-06-24,1526.7,1514.46
2019-06-25,1512.93,1498.47
2019-06-26,1490.56,1504.55
2019-06-27,1510.09,1525.24
2019-06-28,1523.79,1511.51
2019-07-01,1545.06,1568.16
2019-07-02,1565.99,1570.51
2019-07-03,1566.3,1544.36
2019-07-04,1548.56,1532.74
2019-07-05,1535.48,1547.74
2019-07-08,1547.6,1506.66
2019-07-09,1507.39,1517.79
2019-07-10,1521.95,1510.43
2019-07-11,1522.81,1514.2
2019-07-12,1517.04,1518.07
2019-07-15,1512.77,1547.47
2019-07-16,1545.34,1545.27
2019-07-17,1544.42,1550.22
2019-07-18,1542.43,1524.48
2019-07-19,1532.38,1541.98
2019-07-22,1545.91,1515.97
2019-07-23,1519.63,1534.93
2019-07-24,1539.23,1553.72
2019-07-25,1552.85,1566.08
2019-07-26,1562.2,1561.86
2019-07-29,1561.27,1566.52
2019-07-30,1568.16,1580.13
2019-07-31,1577.2,1570.39
2019-08-01,1562.53,1573.87
2019-08-02,1539.92,1556.74
2019-08-05,1552.35,1531.37
2019-08-06,1501.4,1507.91
2019-08-07,1520.58,1500.25
2019-08-08,1512.27,1522.97
2019-08-09,1532.98,1507.71
2019-08-12,1511.32,1539.91
2019-08-13,1526.08,1524.36
2019-08-14,1546.21,1536.66
2019-08-15,1507.95,1555.77
2019-08-16,1554.72,1567.99
2019-08-19,1586.01,1622.84
2019-08-20,1624.8,1611.59
2019-08-21,1614.3,1609.83
2019-08-22,1614.13,1613.46
2019-08-23,1614.54,1615.56
2019-08-26,1588.55,1600.8
2019-08-27,1611.9,1628.12
2019-08-28,1629.99,1625.19
2019-08-29,1625.96,1620.86
2019-08-30,1630.05,1610.9
2019-09-02,1614.03,1652.29
2019-09-03,1656.05,1660.43
2019-09-04,1656.59,1669.41
2019-09-05,1682.44,1689.05
2019-09-06,1699.66,1692.24
2019-09-09,1702.99,1733.23
2019-09-10,1733.63,1725.31
2019-09-11,1730.35,1703.54
2019-09-12,1713.59,1710.57
2019-09-16,1715.92,1714.37
2019-09-17,1710.77,1677.99
2019-09-18,1683.15,1679.31
2019-09-19,1684.93,1705.6
2019-09-20,1709.23,1705.05
2019-09-23,1699.34,1684.32
2019-09-24,1685.12,1694.6
2019-09-25,1686.19,1672.65
2019-09-26,1677.79,1623.79
2019-09-27,1628.14,1647.53
2019-09-30,1648.9,1627.55
2019-10-08,1631.92,1616.58
2019-10-09,1613.02,1622.42
2019-10-10,1632.22,1666.97
2019-10-11,1667.95,1666.83
2019-10-14,1678.79,1679.38
2019-10-15,1676.24,1660.89
2019-10-16,1661.0,1656.37
2019-10-17,1657.93,1658.26
2019-10-18,1662.61,1648.63
2019-10-21,1651.29,1644.51
2019-10-22,1649.76,1666.87
2019-10-23,1668.71,1650.29
2019-10-24,1650.79,1653.86
2019-10-25,1655.29,1675.34
2019-10-28,1687.37,1704.42
2019-10-29,1702.15,1686.58
2019-10-30,1684.6,1684.08
2019-10-31,1688.42,1671.31
2019-11-01,1667.86,1687.0
2019-11-04,1689.58,1699.92
2019-11-05,1704.06,1713.29
2019-11-06,1720.68,1703.02
2019-11-07,1698.63,1715.58
2019-11-08,1724.4,1711.22
2019-11-11,1699.17,1673.13
2019-11-12,1676.43,1671.44
2019-11-13,1673.55,1681.79
2019-11-14,1682.87,1692.58
2019-11-15,1692.08,1674.78
2019-11-18,1671.59,1682.49
2019-11-19,1685.75,1729.08
2019-11-20,1730.03,1719.66
2019-11-21,1713.44,1713.2
2019-11-22,1721.88,1679.8
2019-11-25,1682.23,1661.77
2019-11-26,1667.78,1679.08
2019-11-27,1671.15,1674.39
2019-11-28,1675.17,1673.79
2019-11-29,1670.39,1664.9
2019-12-02,1670.16,1669.54
2019-12-03,1664.79,1675.39
2019-12-04,1666.6,1673.78
2019-12-05,1681.25,1709.83
2019-12-06,1711.64,1726.8
2019-12-09,1733.48,1721.07
2019-12-10,1715.71,1734.02
2019-12-11,1730.4,1718.26
2019-12-12,1720.42,1720.99
2019-12-13,1738.56,1755.41
2019-12-16,1760.8,1780.33
2019-12-17,1782.99,1801.62
2019-12-18,1798.4,1792.42
2019-12-19,1792.71,1790.44
2019-12-20,1792.05,1771.71
2019-12-23,1763.73,1736.62
2019-12-24,1742.89,1769.87
2019-12-25,1766.22,1784.39
2019-12-26,1784.43,1793.64
2019-12-27,1795.41,1767.58
2019-12-30,1763.58,1790.24
2019-12-31,1790.8,1798.12
2020-01-02,1811.22,1832.74
2020-01-03,1836.86,1836.01
2020-01-06,1825.55,1859.92
2020-01-07,1866.26,1893.21
2020-01-08,1881.01,1862.7
2020-01-09,1884.42,1913.14
2020-01-10,1917.61,1904.19
2020-01-13,1905.4,1935.07
2020-01-14,1941.12,1922.56
2020-01-15,1920.66,1924.24
2020-01-16,1924.52,1929.96
2020-01-17,1935.3,1932.51
2020-01-20,1940.12,1982.18
2020-01-21,1979.37,1967.03
2020-01-22,1958.08,1993.9
2020-01-23,1973.33,1927.74
2020-02-03,1769.16,1795.77
2020-02-04,1786.16,1882.69
2020-02-05,1908.97,1939.62
2020-02-06,1934.98,2012.25
2020-02-07,2014.16,2015.8
2020-02-10,2019.31,2042.18
2020-02-11,2044.22,2028.44
2020-02-12,2024.38,2085.28
2020-02-13,2080.82,2064.6
2020-02-14,2063.31,2069.22
2020-02-17,2089.21,2146.18
2020-02-18,2149.3,2170.95
2020-02-19,2168.85,2139.44
2020-02-20,2151.42,2186.74
2020-02-21,2191.98,2226.64
2020-02-24,2223.19,2263.97
2020-02-25,2218.33,2287.31
2020-02-26,2248.65,2180.7
2020-02-27,2200.38,2196.71
2020-02-28,2114.32,2071.57
2020-03-02,2110.45,2135.42
2020-03-03,2190.5,2173.35
2020-03-04,2159.86,2169.44
2020-03-05,2206.08,2209.59
2020-03-06,2178.5,2192.94
2020-03-09,2151.27,2093.06
2020-03-10,2083.2,2148.81
2020-03-11,2157.93,2101.46
2020-03-12,2070.22,2045.93
2020-03-13,1937.95,2030.58
2020-03-16,2034.75,1910.77
2020-03-17,1941.2,1917.7
2020-03-18,1941.3,1887.04
2020-03-19,1898.76,1894.94
2020-03-20,1923.96,1915.05
2020-03-23,1856.3,1827.05
2020-03-24,1869.04,1876.91
2020-03-25,1924.99,1937.85
2020-03-26,1922.79,1927.28
2020-03-27,1955.87,1903.88
2020-03-30,1875.31,1860.48
2020-03-31,1876.69,1871.92
2020-04-01,1875.36,1864.8
2020-04-02,1860.08,1916.95
2020-04-03,1912.74,1906.67
2020-04-07,1944.96,1969.78
2020-04-08,1960.36,1964.76
2020-04-09,1981.24,1997.14
2020-04-10,1990.26,1949.88
2020-04-13,1929.8,1923.08
2020-04-14,1937.29,1985.43
2020-04-15,1991.6,1977.51
2020-04-16,1970.73,2008.39
2020-04-17,2025.65,2020.77
2020-04-20,2027.84,2043.44
2020-04-21,2035.77,2023.94
2020-04-22,2005.65,2043.17
2020-04-23,2053.12,2029.52
2020-04-24,2032.55,2003.75
2020-04-27,2011.16,2018.67
2020-04-28,2023.96,2030.72
2020-04-29,2022.51,2030.48
2020-04-30,2044.68,2069.43
2020-05-06,2052.39,2110.27
2020-05-07,2113.75,2106.84
2020-05-08,2117.87,2125.24
2020-05-11,2137.98,2102.83
2020-05-12,2106.22,2124.15
2020-05-13,2120.01,2140.68
2020-05-14,2131.46,2117.65
2020-05-15,2128.88,2124.31
2020-05-18,2122.31,2114.86
2020-05-19,2137.42,2144.12
2020-05-20,2149.29,2118.12
2020-05-21,2130.96,2099.43
2020-05-22,2099.42,2046.6
2020-05-25,2049.71,2052.3
2020-05-26,2070.14,2112.97
2020-05-27,2114.07,2071.47
2020-05-28,2071.17,2054.96
2020-05-29,2049.75,2086.67
2020-06-01,2105.24,2158.22
2020-06-02,2164.99,2145.29
2020-06-03,2151.5,2143.12
2020-06-04,2150.5,2151.38
2020-06-05,2152.42,2166.38
2020-06-08,2184.58,2153.56
2020-06-09,2160.34,2181.59
2020-06-10,2186.56,2201.99
2020-06-11,2202.14,2195.64
2020-06-12,2149.96,2206.76
2020-06-15,2223.43,2219.55
2020-06-16,2246.89,2260.46
2020-06-17,2265.09,2263.96
2020-06-18,2266.88,2266.03
2020-06-19,2271.65,2319.45
2020-06-22,2328.4,2342.88
2020-06-23,2344.05,2382.05
2020-06-24,2386.26,2382.47
2020-06-29,2375.99,2372.54
2020-06-30,2387.59,2438.2
2020-07-01,2449.87,2419.63
2020-07-02,2418.31,2424.39
2020-07-03,2426.3,2462.56
2020-07-06,2469.24,2529.49
2020-07-07,2548.41,2591.26
2020-07-08,2603.65,2651.97
2020-07-09,2649.45,2757.65
2020-07-10,2744.61,2778.46
2020-07-13,2789.98,2889.43
2020-07-14,2876.85,2858.67
2020-07-15,2866.24,2813.06
2020-07-16,2814.8,2646.26
2020-07-17,2659.45,2662.4
2020-07-20,2707.61,2697.3
2020-07-21,2708.13,2736.51
2020-07-22,2725.45,2769.03
2020-07-23,2740.41,2799.67
2020-07-24,2769.97,2627.84
2020-07-27,2639.26,2631.76
2020-07-28,2668.25,2666.52
2020-07-29,2659.94,2767.4
2020-07-30,2782.11,2743.63
2020-07-31,2747.41,2795.4
2020-08-03,2831.35,2868.88
2020-08-04,2863.32,2832.84
2020-08-05,2826.41,2860.24
2020-08-06,2868.82,2814.37
2020-08-07,2807.1,2749.95
2020-08-10,2735.43,2735.26
2020-08-11,2740.15,2688.7
2020-08-12,2689.58,2635.5
2020-08-13,2657.2,2622.64
2020-08-14,2624.83,2668.71
2020-08-17,2682.21,2696.39
2020-08-18,2702.42,2701.06
2020-08-19,2695.89,2612.84
2020-08-20,2592.88,2587.86
2020-08-21,2611.54,2632.45
2020-08-24,2653.63,2684.63
2020-08-25,2687.29,2701.6
2020-08-26,2701.48,2644.15
2020-08-27,2653.74,2689.17
2020-08-28,2687.23,2757.84
2020-08-31,2769.83,2728.31
2020-09-01,2721.18,2750.42
2020-09-02,2753.93,2771.85
2020-09-03,2766.98,2746.95
2020-09-04,2690.29,2732.15
2020-09-07,2728.74,2641.2
2020-09-08,2648.44,2650.63
2020-09-09,2609.13,2523.4
2020-09-10,2551.3,2483.03
2020-09-11,2474.7,2536.62
2020-09-14,2568.01,2572.6
2020-09-15,2578.69,2595.15
2020-09-16,2597.64,2554.8
2020-09-17,2551.29,2557.32
2020-09-18,2558.29,2596.08
2020-09-21,2605.55,2569.22
2020-09-22,2556.46,2555.54
2020-09-23,2563.71,2599.88
2020-09-24,2576.04,2535.87
2020-09-25,2551.44,2540.43
2020-09-28,2551.78,2521.25
2020-09-29,2538.36,2563.38
2020-09-30,2575.46,2574.76
2020-10-09,2632.59,2672.93
2020-10-12,2702.16,2777.39
2020-10-13,2769.66,2784.72
2020-10-14,2777.89,2764.24
2020-10-15,2767.17,2737.96
2020-10-16,2735.68,2724.5
2020-10-19,2750.95,2689.67
2020-10-20,2698.05,2740.58
2020-10-21,2746.73,2700.53
2020-10-22,2686.78,2673.59
2020-10-23,2680.71,2600.84
2020-10-26,2585.79,2617.74
2020-10-27,2618.7,2650.76
2020-10-28,2648.49,2670.48
2020-10-29,2635.69,2699.92
2020-10-30,2709.0,2655.86
2020-11-02,2670.52,2708.39
2020-11-03,2720.7,2744.31
2020-11-04,2747.54,2750.55
2020-11-05,2782.06,2787.88
2020-11-06,2798.55,2733.07
2020-11-09,2753.93,2814.0
2020-11-10,2811.48,2773.22
2020-11-11,2762.71,2681.52
2020-11-12,2705.76,2700.51
2020-11-13,2699.52,2706.81
2020-11-16,2716.02,2712.41
2020-11-17,2715.09,2658.09
2020-11-18,2656.89,2620.67
2020-11-19,2614.78,2645.16
2020-11-20,2649.56,2667.09
2020-11-23,2677.35,2686.36
2020-11-24,2689.8,2674.8
2020-11-25,2678.11,2615.53
2020-11-26,2616.74,2609.39
2020-11-27,2614.66,2618.99
2020-11-30,2627.87,2631.89
2020-12-01,2628.73,2698.44
2020-12-02,2697.44,2682.97
2020-12-03,2681.59,2712.52
2020-12-04,2701.37,2730.84
2020-12-07,2720.85,2726.48
2020-12-08,2736.03,2746.28
2020-12-09,2752.35,2697.83
2020-12-10,2689.21,2718.55
2020-12-11,2727.97,2687.78
2020-12-14,2695.19,2726.6
2020-12-15,2727.95,2758.85
2020-12-16,2764.34,2760.64
2020-12-17,2758.44,2785.62
2020-12-18,2787.78,2780.73
2020-12-21,2789.64,2882.44
2020-12-22,2867.21,2811.75
2020-12-23,2822.26,2842.97
2020-12-24,2838.94,2820.75
2020-12-25,2811.55,2840.8
2020-12-28,2847.12,2842.81
2020-12-29,2838.71,2813.0
2020-12-30,2828.01,2900.54
2020-12-31,2911.39,2966.26
2021-01-04,2977.32,3078.11
2021-01-05,3050.18,3097.98
2021-01-06,3113.85,3115.09
2021-01-07,3106.34,3162.4
2021-01-08,3179.37,3150.78
2021-01-11,3159.59,3092.86
2021-01-12,3079.84,3180.35
2021-01-13,3180.75,3130.3
2021-01-14,3101.96,3089.18
2021-01-15,3074.0,3089.94
2021-01-18,3078.03,3149.2
2021-01-19,3146.27,3084.49
2021-01-20,3106.35,3204.93
2021-01-21,3217.83,3283.72
2021-01-22,3282.04,3358.24
2021-01-25,3363.6,3355.24
2021-01-26,3335.44,3258.36
2021-01-27,3269.77,3281.03
2021-01-28,3219.93,3161.86
2021-01-29,3201.67,3128.86
2021-02-01,3134.79,3159.99
2021-02-02,3176.25,3228.7
2021-02-03,3245.26,3223.77
2021-02-04,3208.65,3200.55
2021-02-05,3224.85,3193.71
2021-02-08,3202.48,3278.06
2021-02-09,3291.5,3334.24
2021-02-10,3350.32,3413.81
2021-02-18,3475.89,3320.14
2021-02-19,3289.01,3285.53
2021-02-22,3278.59,3138.67
2021-02-23,3099.19,3112.36
2021-02-24,3112.72,3007.46
2021-02-25,3040.9,2977.18
2021-02-26,2907.48,2914.11
2021-03-01,2958.53,2994.75
2021-03-02,3019.1,2966.89
2021-03-03,2951.29,2997.75
2021-03-04,2962.52,2851.87
2021-03-05,2800.25,2871.97
2021-03-08,2889.08,2728.84
2021-03-09,2717.17,2633.45
2021-03-10,2708.23,2676.7
2021-03-11,2682.95,2746.58
2021-03-12,2768.58,2756.81
2021-03-15,2737.45,2644.01
2021-03-16,2664.69,2672.12
2021-03-17,2662.93,2704.14
2021-03-18,2717.27,2748.73
2021-03-19,2697.83,2671.52
2021-03-22,2683.64,2698.26
2021-03-23,2684.64,2668.08
2021-03-24,2650.37,2634.61
2021-03-25,2609.38,2656.0
2021-03-26,2672.91,2745.4
2021-03-29,2747.86,2733.96
2021-03-30,2728.49,2771.32
2021-03-31,2770.33,2758.5
2021-04-01,2766.42,2815.41
2021-04-02,2828.35,2852.23
2021-04-06,2865.44,2831.6
2021-04-07,2843.57,2807.2
2021-04-08,2793.17,2826.99
2021-04-09,2823.78,2783.33
2021-04-12,2789.78,2719.95
2021-04-13,2719.56,2742.85
2021-04-14,2753.67,2804.41
2021-04-15,2787.25,2790.64
2021-04-16,2801.74,2783.37
2021-04-19,2777.02,2898.73
2021-04-20,2880.06,2896.11
2021-04-21,2873.36,2916.97
2021-04-22,2941.3,2939.39
2021-04-23,2938.93,2994.49
2021-04-26,3019.3,2969.4
2021-04-27,2964.03,2986.03
2021-04-28,2990.7,3050.58
2021-04-29,3053.74,3051.42
2021-04-30,3040.65,3091.4
2021-05-06,3059.58,3014.81
2021-05-07,3021.87,2910.41
2021-05-10,2920.42,2921.72
2021-05-11,2898.8,2921.34
2021-05-12,2913.06,2960.36
2021-05-13,2922.73,2943.62
2021-05-14,2954.17,3033.81
2021-05-17,3049.02,3112.74
2021-05-18,3108.63,3090.12
2021-05-19,3081.22,3114.72
2021-05-20,3113.55,3143.62
2021-05-21,3162.79,3113.26
2021-05-24,3128.78,3139.69
2021-05-25,3155.27,3227.36
2021-05-26,3226.7,3196.85
2021-05-27,3192.04,3226.11
2021-05-28,3226.08,3232.29
2021-05-31,3246.15,3309.07
2021-06-01,3290.53,3300.16
2021-06-02,3309.18,3243.02
2021-06-03,3241.16,3201.78
2021-06-04,3194.39,3242.61
2021-06-07,3240.95,3228.24
2021-06-08,3227.27,3208.57
2021-06-09,3203.15,3207.63
2021-06-10,3213.44,3285.51
2021-06-11,3305.53,3298.5
2021-06-15,3298.21,3262.19
2021-06-16,3258.6,3125.7
2021-06-17,3133.91,3188.59
2021-06-18,3210.14,3239.23
2021-06-21,3235.69,3270.58
2021-06-22,3273.63,3281.99
2021-06-23,3288.76,3318.95
2021-06-24,3326.33,3279.16
2021-06-25,3288.27,3347.7
2021-06-28,3356.22,3412.86
2021-06-29,3438.88,3406.24
2021-06-30,3418.81,3477.18
2021-07-01,3486.78,3455.36
2021-07-02,3429.61,3333.9
2021-07-05,3332.49,3352.12
2021-07-06,3359.26,3291.99
2021-07-07,3278.13,3409.59
2021-07-08,3435.31,3432.96
2021-07-09,3413.02,3409.31
2021-07-12,3453.01,3534.76
2021-07-13,3518.53,3514.98
2021-07-14,3491.42,3488.63
2021-07-15,3476.11,3537.39
2021-07-16,3525.27,3432.65
2021-07-19,3438.2,3449.53
2021-07-20,3431.0,3463.79
2021-07-21,3480.7,3560.05
2021-07-22,3572.44,3544.44
2021-07-23,3539.42,3469.87
2021-07-26,3450.9,3371.23
2021-07-27,3384.46,3232.84
2021-07-28,3204.31,3284.92
2021-07-29,3375.33,3459.72
2021-07-30,3454.03,3440.18
2021-08-02,3448.26,3493.36
2021-08-03,3490.86,3477.23
2021-08-04,3463.73,3563.13
2021-08-05,3547.84,3532.5
2021-08-06,3539.97,3490.9
2021-08-09,3455.7,3456.75
2021-08-10,3453.85,3468.67
2021-08-11,3457.79,3437.06
2021-08-12,3413.52,3386.43
2021-08-13,3360.52,3345.13
2021-08-16,3330.82,3301.39
2021-08-17,3311.95,3224.15
2021-08-18,3238.26,3248.37
2021-08-19,3259.09,3278.36
2021-08-20,3256.49,3192.9
2021-08-23,3218.97,3293.77
2021-08-24,3301.86,3330.58
2021-08-25,3330.81,3348.66
2021-08-26,3361.91,3264.45
2021-08-27,3259.15,3257.07
2021-08-30,3275.97,3271.8
2021-08-31,3273.81,3214.12
2021-09-01,3214.17,3186.85
2021-09-02,3181.26,3138.8
2021-09-03,3150.3,3102.14
2021-09-06,3106.26,3228.09
2021-09-07,3222.43,3251.49
2021-09-08,3259.53,3219.95
2021-09-09,3224.45,3221.94
2021-09-10,3207.86,3232.01
2021-09-13,3231.39,3194.27
2021-09-14,3199.41,3236.55
2021-09-15,3233.15,3200.4
2021-09-16,3199.46,3128.84
2021-09-17,3124.32,3193.26
2021-09-22,3144.45,3164.33
2021-09-23,3197.26,3182.47
2021-09-24,3176.87,3207.82
2021-09-27,3228.07,3231.58
2021-09-28,3219.38,3211.45
2021-09-29,3181.98,3175.15
2021-09-30,3188.39,3244.65
2021-10-08,3259.46,3243.2
2021-10-11,3242.18,3196.19
2021-10-12,3194.01,3138.26
2021-10-13,3141.42,3210.16
2021-10-14,3216.86,3215.74
2021-10-15,3198.89,3276.32
2021-10-18,3287.04,3276.48
2021-10-19,3293.8,3297.29
2021-10-20,3304.55,3285.12
2021-10-21,3286.27,3279.49
2021-10-22,3290.54,3284.91
2021-10-25,3303.22,3338.62
2021-10-26,3370.79,3327.54
2021-10-27,3321.64,3308.96
2021-10-28,3301.91,3278.36
2021-10-29,3275.83,3350.67
2021-11-01,3341.47,3331.91
2021-11-02,3329.41,3339.6
2021-11-03,3334.41,3327.09
2021-11-04,3351.3,3362.25
2021-11-05,3354.38,3352.75
2021-11-08,3353.89,3380.29
2021-11-09,3400.97,3409.94
2021-11-10,3388.05,3399.66
2021-11-11,3396.65,3433.24
2021-11-12,3436.26,3430.14
2021-11-15,3435.62,3401.87
2021-11-16,3400.34,3393.71
2021-11-17,3413.43,3421.33
2021-11-18,3416.64,3383.91
2021-11-19,3385.83,3418.96
2021-11-22,3434.57,3505.73
2021-11-23,3501.22,3492.77
2021-11-24,3488.38,3478.66
2021-11-25,3477.6,3474.45
2021-11-26,3470.21,3468.87
2021-11-29,3455.61,3503.41
2021-11-30,3520.29,3495.59
2021-12-01,3492.44,3473.37
2021-12-02,3464.92,3466.91
2021-12-03,3467.41,3478.67
2021-12-06,3460.96,3405.93
2021-12-07,3429.76,3368.78
2021-12-08,3388.32,3424.7
2021-12-09,3422.38,3459.32
2021-12-10,3431.29,3466.8
2021-12-13,3473.39,3496.96
2021-12-14,3491.82,3495.06
2021-12-15,3492.58,3464.76
2021-12-16,3479.18,3490.45
2021-12-17,3480.51,3434.34
2021-12-20,3420.86,3332.61
2021-12-21,3328.89,3350.43
2021-12-22,3360.28,3368.7
2021-12-23,3379.81,3373.7
2021-12-24,3381.54,3297.11
2021-12-27,3296.41,3293.81
2021-12-28,3300.31,3328.56
2021-12-29,3326.08,3281.9
2021-12-30,3285.77,3322.79
2021-12-31,3342.19,3322.67
2022-01-04,3348.13,3250.16
2022-01-05,3242.44,3161.51
2022-01-06,3133.05,3127.48
2022-01-07,3137.07,3096.88
2022-01-10,3082.78,3095.69
2022-01-11,3094.7,3056.15
2022-01-12,3091.67,3136.69
2022-01-13,3145.02,3083.14
2022-01-14,3059.14,3119.41
2022-01-17,3124.63,3170.41
2022-01-18,3168.79,3144.33
2022-01-19,3139.23,3075.98
2022-01-20,3072.39,3065.99
2022-01-21,3052.98,3034.68
2022-01-24,3011.63,3056.43
2022-01-25,3035.82,2974.96
2022-01-26,2993.16,3004.41
2022-01-27,2994.0,2906.76
2022-01-28,2945.72,2908.94
2022-02-07,2972.19,2917.86
2022-02-08,2913.32,2846.48
2022-02-09,2844.84,2883.6
2022-02-10,2891.3,2826.52
2022-02-11,2800.75,2746.38
2022-02-14,2723.51,2732.01
2022-02-15,2744.39,2816.44
2022-02-16,2829.65,2818.4
2022-02-17,2813.48,2839.83
2022-02-18,2819.55,2826.81
2022-02-21,2830.6,2804.6
2022-02-22,2783.28,2765.91
2022-02-23,2770.21,2843.87
2022-02-24,2817.8,2783.9
2022-02-25,2827.83,2855.8
2022-02-28,2844.82,2881.31
2022-03-01,2895.39,2885.79
2022-03-02,2866.69,2834.64
2022-03-03,2850.67,2791.95
2022-03-04,2763.06,2748.64
2022-03-07,2718.44,2630.37
2022-03-08,2645.11,2582.99
2022-03-09,2594.96,2566.72
2022-03-10,2645.36,2635.19
2022-03-11,2589.7,2665.46
2022-03-14,2638.49,2570.45
2022-03-15,2547.72,2504.78
2022-03-16,2549.15,2635.08
2022-03-17,2684.84,2710.73
2022-03-18,2693.15,2713.79
2022-03-21,2730.21,2726.18
2022-03-22,2718.0,2688.23
2022-03-23,2707.57,2715.95
2022-03-24,2697.43,2706.21
2022-03-25,2702.65,2637.94
2022-03-28,2622.47,2594.13
2022-03-29,2603.42,2592.67
2022-03-30,2612.71,2696.83
2022-03-31,2683.19,2659.49
2022-04-01,2641.75,2666.97
2022-04-06,2662.28,2633.91
2022-04-07,2611.98,2578.53
2022-04-08,2578.74,2569.91
2022-04-11,2536.15,2462.04
2022-04-12,2461.6,2523.69
2022-04-13,2499.19,2466.84
2022-04-14,2495.16,2466.29
2022-04-15,2443.35,2460.36
2022-04-18,2435.85,2487.77
2022-04-19,2484.52,2453.55
2022-04-20,2440.3,2363.65
2022-04-21,2352.22,2312.46
2022-04-22,2299.16,2296.6
2022-04-25,2240.04,2169.0
2022-04-26,2172.8,2150.51
2022-04-27,2122.32,2269.17
2022-04-28,2249.51,2227.65
2022-04-29,2247.7,2319.14
2022-05-05,2263.92,2288.4
2022-05-06,2227.68,2244.97
2022-05-09,2236.17,2228.07
2022-05-10,2192.06,2276.35
2022-05-11,2280.96,2346.15
2022-05-12,2325.95,2351.27
2022-05-13,2367.55,2358.16
2022-05-16,2376.64,2331.23
2022-05-17,2335.12,2369.09
2022-05-18,2373.89,2365.38
2022-05-19,2329.96,2377.13
2022-05-20,2395.35,2417.35
2022-05-23,2422.13,2410.12
2022-05-24,2404.6,2318.07
2022-05-25,2320.78,2325.6
2022-05-26,2329.43,2321.13
2022-05-27,2340.62,2322.48
2022-05-30,2338.35,2350.38
2022-05-31,2349.79,2405.08
2022-06-01,2403.35,2428.96
2022-06-02,2418.66,2458.26
2022-06-06,2456.16,2554.66
2022-06-07,2555.55,2554.63
2022-06-08,2558.15,2576.34
2022-06-09,2558.33,2500.21
2022-06-10,2482.31,2556.47
2022-06-13,2522.73,2546.49
2022-06-14,2515.51,2548.31
2022-06-15,2560.64,2575.09
2022-06-16,2575.96,2585.47
2022-06-17,2561.4,2657.21
2022-06-20,2672.77,2710.14
2022-06-21,2707.98,2692.98
2022-06-22,2701.63,2677.29
2022-06-23,2693.75,2760.1
2022-06-24,2779.41,2824.44
2022-06-27,2838.58,2830.6
2022-06-28,2827.35,2840.42
2022-06-29,2817.12,2768.61
2022-06-30,2776.39,2810.6
2022-07-01,2810.11,2781.94
2022-07-04,2764.62,2834.69
2022-07-05,2845.74,2825.13
2022-07-06,2826.35,2802.72
2022-07-07,2814.15,2849.71
2022-07-08,2868.69,2817.64
2022-07-11,2804.55,2767.46
2022-07-12,2768.82,2702.69
2022-07-13,2708.1,2746.86
2022-07-14,2739.92,2819.13
2022-07-15,2804.18,2760.5
2022-07-18,2778.4,2800.36
2022-07-19,2799.38,2750.87
2022-07-20,2764.25,2765.16
2022-07-21,2756.32,2751.41
2022-07-22,2776.98,2737.31
2022-07-25,2732.61,2704.95
2022-07-26,2708.74,2713.46
2022-07-27,2710.74,2714.25
2022-07-28,2734.63,2705.9
2022-07-29,2716.1,2670.45
2022-08-01,2662.76,2733.74
2022-08-02,2692.12,2678.62
2022-08-03,2687.25,2628.82
2022-08-04,2645.0,2640.78
2022-08-05,2648.05,2683.6
2022-08-08,2668.99,2675.69
2022-08-09,2668.92,2694.8
2022-08-10,2688.13,2658.58
2022-08-11,2672.18,2721.49
2022-08-12,2712.69,2690.83
2022-08-15,2688.66,2718.59
2022-08-16,2725.93,2731.39
2022-08-17,2739.48,2777.91
2022-08-18,2771.15,2775.82
2022-08-19,2779.99,2734.22
2022-08-22,2730.42,2779.02
2022-08-23,2775.21,2780.31
2022-08-24,2800.38,2679.05
2022-08-25,2688.86,2667.3
2022-08-26,2666.21,2640.29
2022-08-29,2599.84,2630.51
2022-08-30,2630.13,2612.14
2022-08-31,2596.16,2570.41
2022-09-01,2561.93,2533.85
2022-09-02,2548.18,2533.02
2022-09-05,2528.71,2538.2
2022-09-06,2541.12,2540.64
2022-09-07,2525.15,2570.8
2022-09-08,2570.05,2523.01
2022-09-09,2535.74,2548.22
2022-09-13,2566.84,2550.63
2022-09-14,2512.28,2503.82
2022-09-15,2512.45,2424.19
2022-09-16,2418.44,2367.4
2022-09-19,2360.58,2350.38
2022-09-20,2366.79,2366.9
2022-09-21,2353.78,2331.52
2022-09-22,2309.29,2319.42
2022-09-23,2320.92,2303.91
2022-09-26,2288.23,2323.05
2022-09-27,2336.04,2374.74
2022-09-28,2367.48,2313.77
2022-09-29,2343.28,2333.0
2022-09-30,2335.54,2288.97
2022-10-10,2294.72,2236.24
2022-10-11,2256.34,2261.89
2022-10-12,2260.68,2343.3
2022-10-13,2324.47,2350.69
2022-10-14,2379.83,2434.22
2022-10-17,2419.64,2435.02
2022-10-18,2446.36,2446.93
2022-10-19,2440.03,2425.96
2022-10-20,2402.76,2401.72
2022-10-21,2390.41,2395.16
2022-10-24,2385.82,2336.84
2022-10-25,2323.84,2314.55
2022-10-26,2324.77,2372.88
2022-10-27,2377.18,2337.25
2022-10-28,2309.96,2250.51
2022-10-31,2228.62,2265.08
2022-11-01,2270.04,2337.65
2022-11-02,2322.98,2375.86
2022-11-03,2352.56,2376.06
2022-11-04,2378.42,2451.22
2022-11-07,2447.13,2454.69
2022-11-08,2452.86,2432.4
2022-11-09,2422.17,2399.34
2022-11-10,2380.23,2357.13
2022-11-11,2443.11,2405.32
2022-11-14,2406.87,2375.21
2022-11-15,2373.99,2431.73
2022-11-16,2427.41,2402.91
2022-11-17,2389.46,2385.86
2022-11-18,2394.31,2389.76
2022-11-21,2369.76,2387.3
2022-11-22,2380.71,2343.55
2022-11-23,2338.86,2340.34
2022-11-24,2349.27,2335.52
2022-11-25,2325.57,2309.36
2022-11-28,2264.83,2298.8
2022-11-29,2301.21,2339.79
2022-11-30,2335.95,2345.31
2022-12-01,2386.08,2381.18
2022-12-02,2378.4,2383.32
2022-12-05,2391.1,2377.11
2022-12-06,2366.11,2393.28
2022-12-07,2382.56,2414.04
2022-12-08,2411.8,2411.81
2022-12-09,2412.16,2420.63
2022-12-12,2409.44,2401.52
2022-12-13,2403.74,2376.2
2022-12-14,2384.7,2368.08
2022-12-15,2365.23,2399.12
2022-12-16,2381.68,2373.72
2022-12-19,2372.93,2346.7
2022-12-20,2340.51,2310.8
2022-12-21,2312.52,2303.7
2022-12-22,2318.71,2295.32
2022-12-23,2282.33,2286.19
2022-12-26,2290.26,2331.41
2022-12-27,2335.57,2359.5
2022-12-28,2346.04,2338.26
2022-12-29,2328.73,2349.38
2022-12-30,2361.97,2346.77
2023-01-03,2339.98,2356.42
2023-01-04,2347.0,2335.12
2023-01-05,2343.78,2399.46
2023-01-06,2392.65,2422.14
2023-01-09,2433.35,2440.37
2023-01-10,2441.5,2474.01
2023-01-11,2470.64,2445.97
2023-01-12,2455.73,2458.49
2023-01-13,2475.14,2493.13
2023-01-16,2490.72,2539.52
2023-01-17,2540.57,2545.55
2023-01-18,2548.7,2543.9
2023-01-19,2539.89,2571.44
2023-01-20,2580.27,2585.96
2023-01-30,2657.39,2613.89
2023-01-31,2608.12,2580.84
2023-02-01,2592.45,2613.69
2023-02-02,2619.79,2602.32
2023-02-03,2592.84,2580.11
2023-02-06,2560.46,2544.09
2023-02-07,2551.13,2537.97
2023-02-08,2542.24,2525.88
2023-02-09,2520.83,2569.73
2023-02-10,2567.09,2545.16
2023-02-13,2546.14,2573.18
2023-02-14,2585.97,2565.15
2023-02-15,2564.54,2547.2
2023-02-16,2549.43,2512.5
2023-02-17,2508.26,2449.35
2023-02-20,2445.64,2480.79
2023-02-21,2473.6,2469.81
2023-02-22,2452.39,2451.9
2023-02-23,2450.96,2457.48
2023-02-24,2457.53,2428.94
2023-02-27,2416.43,2409.79
2023-02-28,2417.58,2429.03
2023-03-01,2428.1,2443.95
2023-03-02,2438.58,2418.6
2023-03-03,2423.67,2422.44
2023-03-06,2421.42,2431.56
2023-03-07,2423.03,2383.73
2023-03-08,2375.87,2377.58
2023-03-09,2377.97,2372.68
2023-03-10,2366.59,2370.36
2023-03-13,2359.72,2357.07
2023-03-14,2353.21,2343.11
2023-03-15,2359.22,2337.46
2023-03-16,2320.38,2302.05
2023-03-17,2320.2,2293.67
2023-03-20,2291.39,2291.92
2023-03-21,2298.28,2337.26
2023-03-22,2348.52,2341.92
2023-03-23,2330.98,2361.41
2023-03-24,2366.43,2370.38
2023-03-27,2363.01,2398.02
2023-03-28,2389.85,2369.17
2023-03-29,2371.3,2371.19
2023-03-30,2370.73,2383.04
2023-03-31,2386.86,2399.5
2023-04-03,2406.14,2440.21
2023-04-04,2441.43,2421.65
2023-04-06,2404.26,2426.57
2023-04-07,2421.75,2446.95
2023-04-10,2457.19,2443.52
2023-04-11,2449.27,2439.4
2023-04-12,2436.89,2429.29
2023-04-13,2418.27,2405.76
2023-04-14,2409.77,2428.09
2023-04-17,2420.01,2434.44
2023-04-18,2428.18,2431.1
2023-04-19,2429.33,2415.76
2023-04-20,2414.01,2386.67
2023-04-21,2393.19,2341.19
2023-04-24,2337.38,2301.24
2023-04-25,2302.86,2259.19
2023-04-26,2249.53,2294.06
2023-04-27,2283.63,2307.27
2023-04-28,2309.35,2324.72
2023-05-04,2316.33,2297.67
2023-05-05,2291.24,2267.63
2023-05-08,2274.72,2273.4
2023-05-09,2270.76,2245.82
2023-05-10,2241.44,2262.22
2023-05-11,2264.9,2276.57
2023-05-12,2277.42,2252.38
2023-05-15,2259.17,2299.93
2023-05-16,2300.8,2294.19
2023-05-17,2293.55,2293.64
2023-05-18,2299.63,2277.97
2023-05-19,2275.8,2278.59
2023-05-22,2278.71,2280.15
2023-05-23,2282.9,2253.33
2023-05-24,2245.47,2245.26
2023-05-25,2245.31,2244.18
2023-05-26,2244.34,2229.27
2023-05-29,2236.98,2203.84
2023-05-30,2200.8,2218.6
2023-05-31,2215.27,2193.41
2023-06-01,2191.8,2206.43
2023-06-02,2213.77,2233.27
2023-06-05,2226.2,2202.14
2023-06-06,2196.98,2164.81
2023-06-07,2159.16,2129.9
2023-06-08,2136.02,2123.96
2023-06-09,2122.16,2143.01
2023-06-12,2135.88,2152.42
2023-06-13,2148.4,2166.96
2023-06-14,2175.92,2163.34
2023-06-15,2174.54,2237.74
2023-06-16,2243.54,2270.06
2023-06-19,2271.76,2265.18
2023-06-20,2264.18,2271.42
2023-06-21,2260.5,2211.84
2023-06-26,2185.15,2186.25
2023-06-27,2186.16,2191.83
2023-06-28,2184.99,2182.1
2023-06-29,2178.88,2180.06
2023-06-30,2178.53,2215.0
2023-07-03,2223.33,2228.21
2023-07-04,2222.33,2232.75
2023-07-05,2235.2,2212.42
2023-07-06,2206.3,2192.19
2023-07-07,2185.73,2169.21
2023-07-10,2174.33,2198.86
2023-07-11,2202.93,2216.78
2023-07-12,2216.03,2196.85
2023-07-13,2208.22,2237.52
2023-07-14,2237.24,2224.1
2023-07-17,2212.76,2207.44
2023-07-18,2215.05,2200.62
2023-07-19,2196.59,2177.25
2023-07-20,2180.71,2155.65
2023-07-21,2151.85,2163.12
2023-07-24,2148.29,2146.93
2023-07-25,2183.05,2192.9
2023-07-26,2185.81,2191.17
2023-07-27,2199.48,2184.1
2023-07-28,2176.49,2219.54
2023-07-31,2233.26,2236.67
2023-08-01,2234.61,2223.8
2023-08-02,2220.77,2218.57
2023-08-03,2214.09,2241.98
2023-08-04,2263.4,2263.37
2023-08-07,2252.43,2240.77
2023-08-08,2238.66,2228.91
2023-08-09,2222.51,2228.73
2023-08-10,2226.91,2239.31
2023-08-11,2241.48,2187.04
2023-08-14,2163.28,2164.69
2023-08-15,2164.82,2148.67
2023-08-16,2140.01,2132.97
2023-08-17,2130.54,2147.06
2023-08-18,2145.8,2118.92
2023-08-21,2108.7,2084.97
2023-08-22,2099.84,2086.94
2023-08-23,2081.21,2038.98
2023-08-24,2050.53,2064.57
2023-08-25,2053.65,2040.4
2023-08-28,2182.39,2060.04
2023-08-29,2054.98,2118.19
2023-08-30,2122.65,2117.13
2023-08-31,2111.02,2102.58
2023-09-01,2108.08,2100.26
2023-09-04,2110.17,2118.03
2023-09-05,2113.6,2111.33
2023-09-06,2103.3,2101.4
2023-09-07,2096.62,2056.98
2023-09-08,2047.6,2049.77
2023-09-11,2048.95,2063.19
2023-09-12,2060.62,2051.04
2023-09-13,2045.31,2027.73
2023-09-14,2021.6,2011.88
2023-09-15,2009.33,2002.73
2023-09-18,1994.87,2020.47
2023-09-19,2017.89,2002.66
2023-09-20,2000.72,1987.3
2023-09-21,1983.02,1967.61
2023-09-22,1965.69,2013.34
2023-09-25,2015.32,2005.26
2023-09-26,2000.23,1989.83
2023-09-27,1994.01,2006.22
2023-09-28,2013.62,2003.91
2023-10-09,2000.13,1998.61
2023-10-10,2004.95,1987.94
2023-10-11,2000.52,2003.9
2023-10-12,2015.55,2019.1
2023-10-13,2004.2,1996.6
2023-10-16,1993.91,1956.72
2023-10-17,1963.83,1961.89
2023-10-18,1953.0,1938.44
2023-10-19,1925.53,1913.7
2023-10-20,1899.99,1896.95
2023-10-23,1891.48,1864.91
2023-10-24,1872.29,1880.81
2023-10-25,1890.48,1863.8
2023-10-26,1851.19,1875.86
2023-10-27,1868.23,1929.91
2023-10-30,1933.79,1977.69
2023-10-31,1974.8,1968.23
2023-11-01,1969.08,1959.13
2023-11-02,1964.43,1939.7
2023-11-03,1943.21,1968.21
2023-11-06,1984.33,2032.34
2023-11-07,2025.1,2022.77
2023-11-08,2016.6,2023.13
2023-11-09,2019.69,2018.38
2023-11-10,2006.09,2005.24
2023-11-13,2018.83,2009.21
2023-11-14,2008.29,2004.81
2023-11-15,2032.26,2015.36
2023-11-16,2012.2,1978.12
2023-11-17,1971.22,1986.53
2023-11-20,1987.85,1992.97
2023-11-21,2001.07,1984.27
2023-11-22,1973.66,1950.01
2023-11-23,1945.9,1961.35
2023-11-24,1960.38,1937.94
2023-11-27,1936.61,1926.2
2023-11-28,1923.36,1938.42
2023-11-29,1934.55,1917.9
2023-11-30,1915.05,1922.59
2023-12-01,1922.37,1926.28
2023-12-04,1923.22,1908.92
2023-12-05,1900.99,1871.1
2023-12-06,1867.5,1881.94
2023-12-07,1877.03,1877.21
2023-12-08,1881.1,1892.18
2023-12-11,1880.58,1915.74
2023-12-12,1909.6,1903.87
2023-12-13,1899.34,1872.34
2023-12-14,1884.55,1860.51
2023-12-15,1869.51,1848.5
2023-12-18,1839.32,1820.0
2023-12-19,1818.88,1827.67
2023-12-20,1830.72,1802.88
2023-12-21,1795.27,1832.62
2023-12-22,1827.68,1825.84
2023-12-25,1820.25,1831.57
2023-12-26,1828.56,1808.5
2023-12-27,1813.05,1809.83
2023-12-28,1806.79,1879.5
2023-12-29,1879.53,1891.37
2024-01-02,1889.02,1855.92
2024-01-03,1850.16,1834.73
2024-01-04,1831.29,1801.76
2024-01-05,1798.82,1775.58
2024-01-08,1769.33,1744.41
2024-01-09,1749.77,1750.78
2024-01-10,1741.13,1743.2
2024-01-11,1744.3,1777.27
2024-01-12,1770.97,1761.16
2024-01-15,1751.52,1745.61
2024-01-16,1741.37,1752.23
2024-01-17,1747.77,1699.62
2024-01-18,1685.94,1732.36
2024-01-19,1726.55,1715.44
2024-01-22,1710.29,1666.88
2024-01-23,1663.98,1687.61
2024-01-24,1696.56,1696.19
2024-01-25,1686.55,1720.78
2024-01-26,1703.48,1682.48
2024-01-29,1680.15,1623.81
2024-01-30,1613.46,1583.77
2024-01-31,1585.21,1573.37
2024-02-01,1567.83,1589.04
2024-02-02,1585.96,1550.37
2024-02-05,1534.19,1562.61
2024-02-06,1544.96,1667.45
2024-02-07,1663.18,1707.02
2024-02-08,1716.63,1726.86
2024-02-19,1752.86,1746.42
2024-02-20,1739.03,1746.18
2024-02-21,1728.45,1752.48
2024-02-22,1752.79,1757.87
2024-02-23,1766.96,1758.19
2024-02-26,1752.76,1751.7
2024-02-27,1743.49,1793.98
2024-02-28,1799.61,1748.97
2024-02-29,1739.97,1807.03
2024-03-01,1808.2,1824.03
2024-03-04,1827.13,1834.83
2024-03-05,1818.59,1833.66
2024-03-06,1822.54,1832.58
2024-03-07,1830.26,1789.94
2024-03-08,1793.51,1807.29
2024-03-11,1817.07,1890.41
2024-03-12,1896.45,1906.04
2024-03-13,1911.98,1895.15
2024-03-14,1895.73,1883.02
2024-03-15,1877.57,1884.09
2024-03-18,1906.12,1926.4
2024-03-19,1917.92,1906.94
2024-03-20,1898.18,1909.25
2024-03-21,1912.81,1897.09
2024-03-22,1893.14,1869.17
2024-03-25,1864.53,1833.44
2024-03-26,1832.66,1841.54
2024-03-27,1840.19,1789.82
2024-03-28,1790.58,1806.9
2024-03-29,1806.67,1818.2
2024-04-01,1833.49,1872.12
2024-04-02,1869.32,1860.49
2024-04-03,1853.56,1840.41
2024-04-08,1834.45,1807.05
2024-04-09,1807.48,1827.58
2024-04-10,1818.41,1789.94
2024-04-11,1777.2,1782.09
2024-04-12,1780.99,1762.88
2024-04-15,1770.17,1795.52
2024-04-16,1783.57,1760.2
2024-04-17,1765.29,1797.31
2024-04-18,1784.78,1787.49
2024-04-19,1772.18,1756.0
2024-04-22,1739.01,1750.46
2024-04-23,1753.58,1753.16
2024-04-24,1757.31,1765.41
2024-04-25,1753.12,1764.73
2024-04-26,1767.72,1823.74
2024-04-29,1831.44,1887.57
2024-04-30,1874.68,1858.39
2024-05-06,1896.84,1895.21
2024-05-07,1896.72,1892.54
2024-05-08,1887.82,1865.11
2024-05-09,1872.7,1900.01
2024-05-10,1899.05,1878.17
2024-05-13,1859.34,1860.37
2024-05-14,1864.39,1855.6
2024-05-15,1857.58,1838.89
2024-05-16,1846.98,1844.21
2024-05-17,1838.99,1864.94
2024-05-20,1869.55,1875.93
2024-05-21,1871.78,1861.48
2024-05-22,1863.14,1877.93
2024-05-23,1876.56,1852.07
2024-05-24,1845.01,1818.56
2024-05-27,1824.17,1830.96
2024-05-28,1824.09,1806.25
2024-05-29,1808.49,1811.07
2024-05-30,1810.66,1813.15
2024-05-31,1812.61,1805.11
2024-06-03,1806.41,1819.46
2024-06-04,1816.37,1843.59
2024-06-05,1840.08,1833.55
2024-06-06,1840.25,1820.45
2024-06-07,1812.46,1781.07
2024-06-11,1766.92,1787.3
2024-06-12,1779.32,1779.42
2024-06-13,1786.11,1777.79
2024-06-14,1777.28,1791.36
2024-06-17,1780.94,1806.19
2024-06-18,1805.16,1811.36
2024-06-19,1816.06,1788.5
2024-06-20,1787.24,1762.7
2024-06-21,1756.67,1755.88
2024-06-24,1745.93,1731.51
2024-06-25,1724.64,1700.02
2024-06-26,1700.95,1730.64
2024-06-27,1719.78,1703.2
2024-06-28,1696.94,1683.43
2024-07-01,1679.66,1682.69
2024-07-02,1677.67,1665.04
2024-07-03,1664.99,1660.12
2024-07-04,1666.39,1647.22
2024-07-05,1648.74,1655.59
2024-07-08,1651.64,1628.76
2024-07-09,1625.52,1652.12
2024-07-10,1642.86,1651.11
2024-07-11,1673.54,1685.12
2024-07-12,1680.14,1683.63
2024-07-15,1674.89,1673.01
2024-07-16,1671.92,1696.34
2024-07-17,1691.95,1696.45
2024-07-18,1680.34,1717.71
2024-07-19,1706.84,1725.49
2024-07-22,1729.28,1723.91
2024-07-23,1721.93,1671.44
2024-07-24,1666.62,1650.91
2024-07-25,1641.68,1644.45
2024-07-26,1649.34,1659.53
2024-07-29,1653.39,1635.67
2024-07-30,1629.18,1630.95
2024-07-31,1623.04,1688.14
2024-08-01,1690.22,1665.97
2024-08-02,1649.84,1638.3
2024-08-05,1621.19,1607.29
2024-08-06,1628.12,1627.36
2024-08-07,1624.06,1620.33
2024-08-08,1611.26,1611.51
2024-08-09,1621.84,1595.64
2024-08-12,1596.41,1592.39
2024-08-13,1592.04,1607.19
2024-08-14,1606.44,1584.33
2024-08-15,1581.15,1592.71
2024-08-16,1594.51,1591.46
2024-08-19,1589.21,1589.29
2024-08-20,1590.17,1567.97
2024-08-21,1561.24,1558.51
2024-08-22,1559.68,1546.63
2024-08-23,1540.52,1546.9
2024-08-26,1550.04,1545.31
2024-08-27,1537.81,1530.74
2024-08-28,1526.67,1531.45
2024-08-29,1512.37,1541.4
2024-08-30,1543.89,1580.46
2024-09-02,1577.44,1536.95
2024-09-03,1533.57,1556.32
2024-09-04,1541.9,1554.64
2024-09-05,1554.88,1564.72
2024-09-06,1564.33,1538.07
2024-09-09,1528.65,1539.04
2024-09-10,1540.21,1539.98
2024-09-11,1539.85,1558.33
2024-09-12,1566.4,1551.81
2024-09-13,1552.28,1535.17
2024-09-18,1533.38,1533.47
2024-09-19,1543.32,1546.47
2024-09-20,1546.77,1536.6
2024-09-23,1538.05,1530.51
2024-09-24,1545.9,1615.32
2024-09-25,1652.83,1641.54
2024-09-26,1638.53,1714.14
2024-09-27,1751.33,1885.49
2024-09-30,1994.26,2175.09
2024-10-08,2576.22,2550.28
2024-10-09,2426.75,2280.1
2024-10-10,2291.22,2212.91
2024-10-11,2173.71,2100.87
2024-10-14,2119.39,2155.4
2024-10-15,2139.65,2085.99
2024-10-16,2037.74,2039.95
2024-10-17,2057.96,2033.48
2024-10-18,2027.65,2195.1
2024-10-21,2211.39,2210.34
2024-10-22,2205.4,2216.99
2024-10-23,2202.82,2205.3
2024-10-24,2187.24,2175.1
2024-10-25,2190.39,2238.9
2024-10-28,2228.08,2229.12
2024-10-29,2231.82,2177.31
2024-10-30,2156.28,2151.51
2024-10-31,2145.66,2164.46
2024-11-01,2149.94,2123.74
2024-11-04,2122.98,2185.98
2024-11-05,2184.9,2289.84
2024-11-06,2290.67,2265.83
2024-11-07,2244.96,2350.76
2024-11-08,2396.87,2321.59
2024-11-11,2298.62,2392.44
2024-11-12,2416.21,2390.8
2024-11-13,2367.16,2417.25
2024-11-14,2411.29,2334.96
2024-11-15,2318.94,2243.62
2024-11-18,2244.32,2190.95
2024-11-19,2200.13,2256.61
2024-11-20,2242.6,2267.85
2024-11-21,2254.27,2265.87
2024-11-22,2257.95,2175.57
2024-11-25,2184.1,2175.18
2024-11-26,2163.37,2150.1
2024-11-27,2136.71,2208.78
2024-11-28,2204.49,2169.8
2024-11-29,2162.52,2224.0
2024-12-02,2212.36,2255.5
2024-12-03,2252.75,2245.5
2024-12-04,2237.65,2213.41
2024-12-05,2207.5,2221.46
2024-12-06,2219.91,2267.06
2024-12-09,2265.19,2248.63
2024-12-10,2358.29,2264.05
2024-12-11,2260.7,2261.58
2024-12-12,2257.31,2292.15
2024-12-13,2272.27,2235.26
2024-12-16,2232.62,2201.53
2024-12-17,2197.13,2201.18
2024-12-18,2207.18,2202.14
2024-12-19,2178.46,2213.54
2024-12-20,2209.38,2209.66
2024-12-23,2205.69,2187.94
2024-12-24,2190.47,2213.55
2024-12-25,2215.61,2201.3
2024-12-26,2200.32,2209.85
2024-12-27,2209.71,2204.9
2024-12-30,2198.86,2206.29
2024-12-31,2202.18,2141.6
2025-01-02,2136.92,2060.44
2025-01-03,2062.4,2015.97
2025-01-06,2018.25,2014.19
2025-01-07,1996.0,2028.36
2025-01-08,2011.75,2008.44
2025-01-09,1994.81,2010.66
2025-01-10,2006.55,1975.3
2025-01-13,1953.89,1982.46
2025-01-14,1989.39,2075.76
2025-01-15,2064.48,2037.93
2025-01-16,2051.09,2051.35
2025-01-17,2041.71,2067.27
2025-01-20,2090.14,2104.73
2025-01-21,2125.07,2112.39
2025-01-22,2103.83,2101.03
2025-01-23,2125.3,2093.31
2025-01-24,2084.13,2121.84
2025-01-27,2119.17,2063.82
2025-02-05,2082.99,2062.92
2025-02-06,2059.45,2120.75
2025-02-07,2127.14,2174.35
2025-02-10,2183.78,2183.88
2025-02-11,2182.91,2152.73
2025-02-12,2144.73,2191.76
2025-02-13,2186.14,2176.16
2025-02-14,2176.32,2215.3
2025-02-17,2243.66,2226.62
2025-02-18,2223.48,2182.57
2025-02-19,2174.96,2226.98
2025-02-20,2222.37,2225.58
2025-02-21,2228.92,2281.51
2025-02-24,2277.15,2266.24
2025-02-25,2227.29,2240.59
2025-02-26,2246.95,2268.22
2025-02-27,2268.5,2256.51
2025-02-28,2238.34,2170.39
2025-03-03,2176.82,2196.52
2025-03-04,2170.99,2190.08
2025-03-05,2190.58,2190.36
2025-03-06,2204.25,2234.69
2025-03-07,2221.91,2205.31
2025-03-10,2211.1,2199.88
2025-03-11,2172.18,2204.03
2025-03-12,2211.15,2191.27
2025-03-13,2189.47,2166.0
2025-03-14,2165.53,2226.72
2025-03-17,2230.85,2215.13
2025-03-18,2225.2,2228.64
2025-03-19,2221.6,2222.35
2025-03-20,2220.5,2200.03
2025-03-21,2193.36,2152.28
2025-03-24,2154.67,2152.55
2025-03-25,2154.2,2145.48
2025-03-26,2143.12,2139.9
2025-03-27,2130.49,2145.1
2025-03-28,2140.07,2128.21
2025-03-31,2117.88,2103.7
2025-04-01,2108.46,2101.88
2025-04-02,2103.39,2104.63
2025-04-03,2078.15,2065.4
2025-04-07,1925.64,1807.21
2025-04-08,1837.54,1840.31
2025-04-09,1805.46,1858.36
2025-04-10,1920.64,1900.53
2025-04-11,1885.86,1926.37
2025-04-14,1954.05,1932.91
2025-04-15,1933.89,1930.4
2025-04-16,1918.03,1907.11
2025-04-17,1893.02,1908.78
2025-04-18,1904.99,1913.97
2025-04-21,1910.9,1944.32
2025-04-22,1933.83,1928.43
2025-04-23,1950.44,1949.16
2025-04-24,1946.23,1935.86
2025-04-25,1941.81,1947.19
2025-04-28,1951.16,1934.46
2025-04-29,1929.27,1931.94
2025-04-30,1936.12,1948.03
2025-05-06,1966.97,1986.41
2025-05-07,2024.3,1996.51
2025-05-08,1994.05,2029.45
2025-05-09,2028.43,2011.77
2025-05-12,2042.9,2064.71
2025-05-13,2091.35,2062.26
2025-05-14,2062.27,2083.14
2025-05-15,2076.04,2043.25
2025-05-16,2035.87,2039.45
2025-05-19,2038.05,2032.76
2025-05-20,2041.5,2048.46
2025-05-21,2052.0,2065.39
2025-05-22,2065.41,2045.57
2025-05-23,2043.2,2021.5
2025-05-26,2016.37,2005.26
2025-05-27,2001.62,1991.64
2025-05-28,1996.49,1985.38
2025-05-29,1988.32,2012.55
2025-05-30,2002.73,1993.19
2025-06-03,1986.54,2002.7
2025-06-04,2009.37,2024.93
2025-06-05,2026.63,2048.62
2025-06-06,2047.87,2039.44
2025-06-09,2046.43,2061.29
2025-06-10,2057.97,2037.27
2025-06-11,2044.28,2061.87
2025-06-12,2057.2,2067.15
2025-06-13,2054.97,2043.82
2025-06-16,2038.7,2057.32
2025-06-17,2061.47,2049.94
2025-06-18,2046.69,2054.73
2025-06-19,2049.18,2026.82
2025-06-20,2026.88,2009.89
2025-06-23,1996.96,2017.63
2025-06-24,2024.7,2064.13
2025-06-25,2073.26,2128.39
2025-06-26,2128.86,2114.43
2025-06-27,2125.85,2124.34
2025-06-30,2132.93,2153.01
2025-07-01,2149.22,2147.92
2025-07-02,2140.14,2123.72
2025-07-03,2130.74,2164.09
2025-07-04,2168.35,2156.23
2025-07-07,2148.93,2130.19
2025-07-08,2129.49,2181.08
2025-07-09,2179.32,2184.67
2025-07-10,2192.99,2189.58
2025-07-11,2190.01,2207.1
2025-07-14,2207.54,2197.07
2025-07-15,2211.4,2235.05
2025-07-16,2241.21,2230.19
2025-07-17,2228.52,2269.33
2025-07-18,2279.67,2277.15
2025-07-21,2285.41,2296.88
2025-07-22,2295.36,2310.86
2025-07-23,2308.11,2310.67
2025-07-24,2319.25,2345.37
2025-07-25,2348.28,2340.06
2025-07-28,2346.38,2362.6
2025-07-29,2362.77,2406.59
2025-07-30,2395.86,2367.68
2025-07-31,2382.97,2328.31
2025-08-01,2323.92,2322.63
2025-08-04,2307.37,2334.32
2025-08-05,2349.44,2343.38
2025-08-06,2335.95,2358.95
2025-08-07,2359.42,2342.86
2025-08-08,2338.25,2333.96
2025-08-11,2336.93,2379.82
2025-08-12,2381.16,2409.4
2025-08-13,2417.47,2496.5
2025-08-14,2496.63,2469.66
2025-08-15,2464.67,2534.22
2025-08-18,2549.55,2606.2
2025-08-19,2596.58,2601.74
2025-08-20,2572.01,2607.65
2025-08-21,2614.91,2595.47
2025-08-22,2587.53,2682.55
2025-08-25,2720.28,2762.99
2025-08-26,2747.11,2742.13
2025-08-27,2747.5,2723.2
2025-08-28,2707.34,2827.17
2025-08-29,2828.01,2890.13
2025-09-01,2914.64,2956.37
2025-09-02,2951.03,2872.22
2025-09-03,2882.84,2899.37
2025-09-04,2933.68,2776.25
2025-09-05,2789.91,2958.18
2025-09-08,2964.43,2933.25
2025-09-09,2901.29,2867.97
2025-09-10,2890.05,2904.27
2025-09-11,2917.77,3053.75
2025-09-12,3024.1,3020.42
2025-09-15,3052.06,3066.18
2025-09-16,3072.3,3087.04
2025-09-17,3085.71,3147.35
2025-09-18,3119.77,3095.85
2025-09-19,3098.28,3091.0
2025-09-22,3093.97,3107.89
2025-09-23,3139.5,3114.55
2025-09-24,3089.9,3185.57
2025-09-25,3167.75,3235.76
2025-09-26,3222.19,3151.53
2025-09-29,3165.07,3238.01
2025-09-30,3239.33,3238.16
2025-10-09,3251.04,3261.82
2025-10-10,3230.46,3113.26
2025-10-13,2975.03,3078.76
2025-10-14,3121.0,2955.98
2025-10-15,2964.52,3025.87
2025-10-16,3008.37,3037.44
2025-10-17,3026.4,2935.37
2025-10-20,3007.21,2993.45
2025-10-21,3017.77,3083.72
2025-10-22,3061.27,3059.32
2025-10-23,3050.74,3062.16
2025-10-24,3087.63,3171.57
2025-10-27,3227.18,3234.45
2025-10-28,3205.44,3229.58
2025-10-29,3263.98,3324.27
2025-10-30,3313.79,3263.02
2025-10-31,3260.26,3187.53
2025-11-03,3179.3,3196.87
2025-11-04,3190.4,3134.09
2025-11-05,3068.95,3166.23
2025-11-06,3185.13,3224.62
2025-11-07,3201.26,3208.21
2025-11-10,3221.93,3178.83
2025-11-11,3197.12,3134.32
2025-11-12,3122.58,3122.03
2025-11-13,3119.09,3201.75
2025-11-14,3145.92,3111.51
2025-11-17,3097.34,3105.2
2025-11-18,3089.38,3069.22
2025-11-19,3065.17,3076.85
2025-11-20,3131.84,3042.34
2025-11-21,2979.37,2920.08
2025-11-24,2946.46,2929.04
2025-11-25,2970.73,2980.93
2025-11-26,2976.7,3044.69
2025-11-27,3041.2,3031.3
2025-11-28,3029.98,3052.59
2025-12-01,3060.56,3092.5
2025-12-02,3091.37,3071.15
2025-12-03,3078.86,3036.79
2025-12-04,3037.05,3067.48
2025-12-05,3084.22,3109.3
2025-12-08,3119.15,3190.27
2025-12-09,3183.61,3209.6
2025-12-10,3201.38,3209.0
2025-12-11,3210.55,3163.67
2025-12-12,3172.73,3194.36
2025-12-15,3157.32,3137.8
2025-12-16,3130.43,3071.76
2025-12-17,3072.62,3175.91
2025-12-18,3138.66,3107.06
2025-12-19,3134.8,3122.24
2025-12-22,3153.75,3191.98
2025-12-23,3196.31,3205.01
2025-12-24,3207.41,3229.58
2025-12-25,3232.97,3239.34
2025-12-26,3232.41,3243.88
2025-12-29,3237.77,3222.61
2025-12-30,3208.32,3242.9
2025-12-31,3247.74,3203.17
2026-01-05,3229.93,3294.55
2026-01-06,3279.81,3319.29
2026-01-07,3331.34,3329.69
2026-01-08,3308.74,3302.31
2026-01-09,3279.38,3327.81
2026-01-12,3323.64,3388.34
2026-01-13,3390.69,3321.89
2026-01-14,3333.17,3349.14
2026-01-15,3318.11,3367.92
2026-01-16,3394.35,3361.02
2026-01-19,3340.94,3337.61
2026-01-20,3340.46,3277.98
2026-01-21,3270.13,3295.52
2026-01-22,3312.75,3328.65
2026-01-23,3334.02,3349.5
2026-01-26,3365.61,3319.15
2026-01-27,3316.02,3342.6
2026-01-28,3359.79,3323.56
2026-01-29,3322.48,3304.51
2026-01-30,3301.54,3346.36
2026-02-02,3368.14,3264.11
2026-02-03,3318.06,3324.89
2026-02-04,3298.32,3311.51
2026-02-05,3277.72,3260.28
2026-02-06,3222.88,3236.46
2026-02-09,3299.6,3332.77
2026-02-10,3321.88,3320.54
2026-02-11,3312.64,3284.74
2026-02-12,3294.57,3328.06
2026-02-13,3309.43,3275.96
2026-02-24,3331.79,3308.26
2026-02-25,3313.09,3354.82
2026-02-26,3346.74,3344.98
2026-02-27,3303.98,3310.3
2026-03-02,3257.05,3294.16
2026-03-03,3316.63,3209.48
2026-03-04,3171.19,3164.37
2026-03-05,3236.15,3216.94
2026-03-06,3197.66,3229.3
2026-03-09,3152.72,3208.58
2026-03-10,3281.94,3306.14
2026-03-11,3318.41,3349.53
2026-03-12,3357.03,3317.52
2026-03-13,3296.5,3310.28
2026-03-16,3323.98,3357.02
2026-03-17,3385.71,3280.06
2026-03-18,3307.82,3346.37
2026-03-19,3311.44,3309.1
2026-03-20,3362.07,3352.1
2026-03-23,3300.56,3235.22
2026-03-24,3266.93,3251.55
2026-03-25,3287.17,3316.97
2026-03-26,3299.03,3272.49
2026-03-27,3236.37,3295.88
2026-03-30,3254.43,3273.36
2026-03-31,3247.28,3184.95
2026-04-01,3255.26,3247.52
2026-04-02,3229.6,3172.65
2026-04-03,3197.77,3149.6
2026-04-07,3162.82,3160.82
2026-04-08,3257.91,3347.61
2026-04-09,3316.29,3323.3
2026-04-10,3355.07,3448.79
2026-04-13,3434.32,3476.44
2026-04-14,3507.11,3558.53
2026-04-15,3596.08,3514.96
2026-04-16,3531.26,3626.27
2026-04-17,3643.15,3678.29
2026-04-20,3657.35,3677.58
2026-04-21,3662.26,3688.94
2026-04-22,3660.42,3752.76
2026-04-23,3769.02,3720.25
2026-04-24,3682.5,3667.79
2026-04-27,3677.89,3648.79
2026-04-28,3623.49,3596.71
2026-04-29,3578.42,3687.17
2026-04-30,3704.11,3677.15
2026-05-06,3760.67,3778.16
2026-05-07,3807.99,3833.06
2026-05-08,3792.04,3796.13
2026-05-11,3829.61,3928.97
2026-05-12,3947.14,3934.88
2026-05-13,3900.74,4038.33
2026-05-14,4087.85,3951.14
2026-05-15,3957.74,3929.06
2026-05-18,3895.07,3914.88
2026-05-19,3894.0,3908.44
2026-05-20,3889.68,3921.79
2026-05-21,3962.3,3829.78
2026-05-22,3875.81,3938.5
2026-05-25,3974.97,4021.16
2026-05-26,4003.13,4043.07
2026-05-27,4053.68,4045.77
2026-05-28,4042.08,4125.07
2026-05-29,4141.91,4037.95
2026-06-01,4057.39,3950.94
2026-06-02,3987.41,4055.87
2026-06-03,4089.02,4122.99
2026-06-04,4072.55,4088.88
2026-06-05,4079.95,3957.94
2026-06-08,3820.23,3811.79
2026-06-09,3865.69,3961.75
2026-06-10,3897.73,3854.79
2026-06-11,3839.19,3811.25
2026-06-12,3921.09,3830.35
2026-06-15,3896.17,4033.53
2026-06-16,4065.27,4102.94
2026-06-17,4061.3,4167.05
2026-06-18,4153.62,4252.39
2026-06-22,4272.99,4359.39
2026-06-23,4343.88,4192.19
2026-06-24,4181.91,4251.42
2026-06-25,4278.34,4371.99
2026-06-26,4319.41,4194.21
2026-06-29,4200.67,4216.7
2026-06-30,4217.63,4342.71
2026-07-01,4336.16,4260.72
2026-07-02,4135.34,4017.27
2026-07-03,4010.82,4019.93
2026-07-06,4050.88,3948.86
2026-07-07,3931.44,3911.91
2026-07-08,3932.42,3845.35
2026-07-09,3892.12,4018.17
2026-07-10,4041.86,3842.73
2026-07-13,3809.86,3723.52
2026-07-14,3729.61,3851.14
2026-07-15,3879.77,3804.7
2026-07-16,3710.51,3692.46
2026-07-17,3642.06,3428.63
2026-07-20,3504.12,3443.1
2026-07-21,3469.22,3685.97
2026-07-22,3644.98,3566.73
2026-07-23,3596.73,3575.52
2026-07-24,3515.5,3480.87
2026-07-27,3482.04,3590.79
2026-07-28,3478.86,3327.03
2026-07-29,3333.48,3378.7
